Workbook

Sheet yld_soil_2_clean
A1: location | B1: year | C1: date | D1: plot | E1: rep | F1: var | G1: harv_trt | H1: harv | I1: bottle | J1: dm_yld | K1: CP | L1: ADF | M1: NDF | N1: NDFD
A2: Rosemount | B2: 2021 | C2: 44393 | D2: 1101 | E2: 1 | F2: HX4 | G2: 45 day | H2: 1 | I2: 210228 | J2: 2.587885 | K2: 18.001832 | L2: 19.662984 | M2: 29.88268 | N2: 9.957884
A3: Rosemount | B3: 2021 | C3: 44393 | D3: 1102 | E3: 1 | F3: RR3 | G3: 45 day | H3: 1 | I3: 210229 | J3: 2.9958128 | K3: 20.786409 | L3: 18.025785 | M3: 25.363233 | N3: 10.107153
A4: Rosemount | B4: 2021 | C4: 44393 | D4: 1103 | E4: 1 | F4: HX5 | G4: 45 day | H4: 1 | I4: 210230 | J4: 3.2859459 | K4: 19.949328 | L4: 21.310128 | M4: 28.676592 | N4: 12.800592
A5: Rosemount | B5: 2021 | C5: 44393 | D5: 1104 | E5: 1 | F5: RR4 | G5: 45 day | H5: 1 | I5: 210231 | J5: 3.794069 | K5: 18.607186 | L5: 22.873975 | M5: 32.105096 | N5: 13.878388
A6: Rosemount | B6: 2021 | C6: 44393 | D6: 1105 | E6: 1 | F6: RR5 | G6: 45 day | H6: 1 | I6: 210232 | J6: 3.5837036 | K6: 18.721936 | L6: 23.921462 | M6: 33.755942 | N6: 16.745934
A7: Rosemount | B7: 2021 | C7: 44393 | D7: 1106 | E7: 1 | F7: HX3 | G7: 45 day | H7: 1 | I7: 210233 | J7: 2.8371247 | K7: 19.69452 | L7: 18.14184 | M7: 27.79388 | N7: 8.68956
A8: Rosemount | B8: 2021 | C8: 44393 | D8: 1107 | E8: 1 | F8: RR4 | G8: 35 day | H8: 1 | I8: 210234 | J8: 3.2103937 | K8: 18.848346 | L8: 19.9166 | M8: 28.797593 | N8: 11.868483
A9: Rosemount | B9: 2021 | C9: 44393 | D9: 1108 | E9: 1 | F9: HX5 | G9: 35 day | H9: 1 | I9: 210235 | J9: 3.037029 | K9: 20.989824 | L9: 19.338432 | M9: 29.571648 | N9: 6.379968
A10: Rosemount | B10: 2021 | C10: 44393 | D10: 1109 | E10: 1 | F10: HX4 | G10: 35 day | H10: 1 | I10: 210236 | J10: 2.9981221 | K10: 17.229374 | L10: 25.189645 | M10: 34.285209 | N10: 18.759407
A11: Rosemount | B11: 2021 | C11: 44393 | D11: 1110 | E11: 1 | F11: RR3 | G11: 35 day | H11: 1 | I11: 210237 | J11: 2.6731348 | K11: 18.89118 | L11: 22.41932 | M11: 31.717532 | N11: 15.72032
A12: Rosemount | B12: 2021 | C12: 44393 | D12: 1111 | E12: 1 | F12: RR5 | G12: 35 day | H12: 1 | I12: 210238 | J12: 3.1959042 | K12: 18.698151 | L12: 24.011436 | M12: 32.031377 | N12: 18.781159
A13: Rosemount | B13: 2021 | C13: 44393 | D13: 1112 | E13: 1 | F13: HX3 | G13: 35 day | H13: 1 | I13: 210239 | J13: 3.0087891 | K13: 18.53815 | L13: 19.153074 | M13: 28.367891 | N13: 7.849324
... A173: St. Paul | B173: 2021 | C173: 44440 | D173: 2104 | E173: 1 | F173: HX5 | G173: 45 day | H173: 2 | I173: 210399 | J173: 2.5710657 | K173: 18.586098 | L173: 24.943788 | M173: 35.233326 | N173: 16.511958
A174: St. Paul | B174: 2021 | C174: 44440 | D174: 2105 | E174: 1 | F174: HX4 | G174: 45 day | H174: 2 | I174: 210400 | J174: 3.3370724 | K174: #N/A | L174: #N/A | M174: #N/A | N174: #N/A
A175: St. Paul | B175: 2021 | C175: 44440 | D175: 2106 | E175: 1 | F175: RR4 | G175: 45 day | H175: 2 | I175: 210401 | J175: 3.1833907 | K175: 16.434725 | L175: 30.27693 | M175: 41.961788 | N175: 24.832638
A176: St. Paul | B176: 2021 | C176: 44428 | D176: 2107 | E176: 1 | F176: RR3 | G176: 35 day | H176: 2 | I176: 210348 | J176: 3.1567238 | K176: 21.994938 | L176: 23.968476 | M176: 30.756684 | N176: 18.219474
A177: St. Paul | B177: 2021 | C177: 44428 | D177: 2108 | E177: 1 | F177: HX3 | G177: 35 day | H177: 2 | I177: 210349 | J177: 3.5917358 | K177: 27.389667 | L177: 18.757311 | M177: 23.662923 | N177: 8.261583
A178: St. Paul | B178: 2021 | C178: 44428 | D178: 2109 | E178: 1 | F178: HX4 | G178: 35 day | H178: 2 | I178: 210350 | J178: 3.9472695 | K178: 27.27595 | L178: 18.0583 | M178: 26.644475 | N178: 11.78125
A179: St. Paul | B179: 2021 | C179: 44428 | D179: 2110 | E179: 1 | F179: HX5 | G179: 35 day | H179: 2 | I179: 210351 | J179: 3.6685868 | K179: 26.38449 | L179: 21.41766 | M179: 28.0401 | N179: 9.08193
A180: St. Paul | B180: 2021 | C180: 44428 | D180: 2111 | E180: 1 | F180: RR4 | G180: 35 day | H180: 2 | I180: 210352 | J180: 4.1977204 | K180: 23.396714 | L180: 23.864076 | M180: 30.56929 | N180: 17.12071
A181: St. Paul | B181: 2021 | C181: 44428 | D181: 2112 | E181: 1 | F181: RR5 | G181: 35 day | H181: 2 | I181: 210353 | J181: 2.6616416 | K181: 22.421205 | L181: 23.0989 | M181: 28.635 | N181: 15.682435
A182: St. Paul | B182: 2021 | C182: 44440 | D182: 2201 | E182: 2 | F182: HX4 | G182: 45 day | H182: 2 | I182: 210402 | J182: 3.0504624 | K182: 20.032812 | L182: 20.547156 | M182: 29.415156 | N182: 14.179932
A183: St. Paul | B183: 2021 | C183: 44440 | D183: 2202 | E183: 2 | F183: RR3 | G183: 45 day | H183: 2 | I183: 210403 | J183: 4.7530175 | K183: 17.317036 | L183: 25.259234 | M183: 37.006882 | N183: 19.394364
A184: St. Paul | B184: 2021 | C184: 44440 | D184: 2203 | E184: 2 | F184: RR4 | G184: 45 day | H184: 2 | I184: 210404 | J184: 2.9768504 | K184: 20.558508 | L184: 21.854826 | M184: 33.895977 | N184: 11.265186
A185: St. Paul | B185: 2021 | C185: 44440 | D185: 2204 | E185: 2 | F185: HX5 | G185: 45 day | H185: 2 | I185: 210405 | J185: 3.5872467 | K185: 18.728229 | L185: 24.828694 | M185: 33.316167 | N185: 18.008015
A186: St. Paul | B186: 2021 | C186: 44440 | D186: 2205 | E186: 2 | F186: HX3 | G186: 45 day | H186: 2 | I186: 210406 | J186: 3.6467444 | K186: 21.042747 | L186: 22.24179 | M186: 32.273478 | N186: 9.180459
... A202: St. Paul | B202: 2021 | C202: 44440 | D202: 2309 | E202: 3 | F202: HX3 | G202: 45 day | H202: 2 | I202: 210410 | J202: 3.4006381 | K202: 18.367548 | L202: 27.213549 | M202: 38.496993 | N202: 15.555816
A203: St. Paul | B203: 2021 | C203: 44440 | D203: 2310 | E203: 3 | F203: RR3 | G203: 45 day | H203: 2 | I203: 210411 | J203: #VALUE! | K203: 18.737773 | L203: 25.843665 | M203: 39.118114 | N203: 16.898811
A204: St. Paul | B204: 2021 | C204: 44440 | D204: 2311 | E204: 3 | F204: RR5 | G204: 45 day | H204: 2 | I204: 210412 | J204: 3.5870675 | K204: 13.816283 | L204: 36.858783 | M204: 51.33869 | N204: 29.697174
A205: St. Paul | B205: 2021 | C205: 44440 | D205: 2312 | E205: 3 | F205: HX5 | G205: 45 day | H205: 2 | I205: 210413 | J205: 2.2870286 | K205: 18.209534 | L205: 24.47843 | M205: 34.010189 | N205: 18.914983
A206: St. Paul | B206: 2021 | C206: 44440 | D206: 2401 | E206: 4 | F206: RR5 | G206: 45 day | H206: 2 | I206: 210414 | J206: 2.7683962 | K206: 20.85273 | L206: 19.736991 | M206: 27.727964 | N206: 9.4241202
A207: St. Paul | B207: 2021 | C207: 44440 | D207: 2402 | E207: 4 | F207: RR3 | G207: 45 day | H207: 2 | I207: 210415 | J207: 4.1241388 | K207: 17.494326 | L207: 31.188285 | M207: 44.764893 | N207: 25.221438
A208: St. Paul | B208: 2021 | C208: 44440 | D208: 2403 | E208: 4 | F208: HX4 | G208: 45 day | H208: 2 | I208: 210416 | J208: 3.5364742 | K208: 19.152395 | L208: 23.957046 | M208: 32.123923 | N208: 17.35988
A209: St. Paul | B209: 2021 | C209: 44440 | D209: 2404 | E209: 4 | F209: HX5 | G209: 45 day | H209: 2 | I209: 210417 | J209: 1.2454085 | K209: 14.511999 | L209: 31.080094 | M209: 46.519172 | N209: 22.736383
A210: St. Paul | B210: 2021 | C210: 44440 | D210: 2405 | E210: 4 | F210: RR4 | G210: 45 day | H210: 2 | I210: 210418 | J210: 2.6285487 | K210: 20.02 | L210: 26.5811 | M210: 42.6062 | N210: 23.3688
A211: St. Paul | B211: 2021 | C211: 44440 | D211: 2406 | E211: 4 | F211: HX3 | G211: 45 day | H211: 2 | I211: 210419 | J211: 1.5358229 | K211: 17.881668 | L211: 25.114908 | M211: 38.327016 | N211: 15.775788
A212: St. Paul | B212: 2021 | C212: 44428 | D212: 2407 | E212: 4 | F212: HX3 | G212: 35 day | H212: 2 | I212: 210366 | J212: 1.8751341 | K212: 21.797409 | L212: 20.646829 | M212: 28.731764 | N212: 14.29433
A213: St. Paul | B213: 2021 | C213: 44428 | D213: 2408 | E213: 4 | F213: RR3 | G213: 35 day | H213: 2 | I213: 210367 | J213: 4.0078419 | K213: 23.2098 | L213: 24.8567 | M213: 31.9039 | N213: 17.953125
A214: St. Paul | B214: 2021 | C214: 44428 | D214: 2409 | E214: 4 | F214: HX4 | G214: 35 day | H214: 2 | I214: 210368 | J214: 4.2770496 | K214: 25.47287 | L214: 19.93979 | M214: 28.64404 | N214: 13.95503
A215: St. Paul | B215: 2021 | C215: 44428 | D215: 2410 | E215: 4 | F215: RR5 | G215: 35 day | H215: 2 | I215: 210369 | J215: 3.800067 | K215: 25.85122 | L215: 18.31903 | M215: 25.962808 | N215: 13.827613
... A597: Rosemount | B597: 2023 | C597: 45069 | D597: 1208 | E597: 2 | F597: RR5 | G597: 35 day | H597: 1 | I597: 230019 | J597: 2.4853188 | K597: 19.757679 | L597: 23.716462 | M597: 31.561556 | N597: 15.264415
A598: Rosemount | B598: 2023 | C598: 45069 | D598: 1209 | E598: 2 | F598: HX3 | G598: 35 day | H598: 1 | I598: 230020 | J598: 2.1053102 | K598: #VALUE! | L598: 0 | M598: 0 | N598: 0
A599: Rosemount | B599: 2023 | C599: 45069 | D599: 1210 | E599: 2 | F599: HX4 | G599: 35 day | H599: 1 | I599: 230021 | J599: 3.3832221 | K599: 19.0134 | L599: 25.686198 | M599: 33.934392 | N599: 15.3918
A600: Rosemount | B600: 2023 | C600: 45069 | D600: 1211 | E600: 2 | F600: RR3 | G600: 35 day | H600: 1 | I600: 230022 | J600: 2.6466862 | K600: 19.883856 | L600: 24.28632 | M600: 32.490912 | N600: 13.225584
A601: Rosemount | B601: 2023 | C601: 45069 | D601: 1212 | E601: 2 | F601: RR4 | G601: 35 day | H601: 1 | I601: 230023 | J601: 3.1852746 | K601: 16.601112 | L601: 27.17121 | M601: 36.131832 | N601: 20.93223
A602: Rosemount | B602: 2023 | C602: 45069 | D602: 1301 | E602: 3 | F602: HX4 | G602: 35 day | H602: 1 | I602: 230024 | J602: 3.0402645 | K602: 18.90196 | L602: 25.793488 | M602: 35.533876 | N602: 17.373524
A603: Rosemount | B603: 2023 | C603: 45069 | D603: 1302 | E603: 3 | F603: RR3 | G603: 35 day | H603: 1 | I603: 230025 | J603: 2.5922436 | K603: 19.177596 | L603: 24.748489 | M603: 31.086847 | N603: 18.771291
A604: Rosemount | B604: 2023 | C604: 45069 | D604: 1303 | E604: 3 | F604: RR5 | G604: 35 day | H604: 1 | I604: 230026 | J604: 2.8107371 | K604: 18.545142 | L604: 26.140422 | M604: 33.86229 | N604: 17.49627
A605: Rosemount | B605: 2023 | C605: 45069 | D605: 1304 | E605: 3 | F605: HX3 | G605: 35 day | H605: 1 | I605: 230027 | J605: 3.1271682 | K605: 18.32481 | L605: 24.91452 | M605: 33.327684 | N605: 15.652818
A606: Rosemount | B606: 2023 | C606: 45069 | D606: 1305 | E606: 3 | F606: HX5 | G606: 35 day | H606: 1 | I606: 230028 | J606: 2.6064017 | K606: 17.874108 | L606: 25.588386 | M606: 34.804161 | N606: 17.370612
A607: Rosemount | B607: 2023 | C607: 45069 | D607: 1306 | E607: 3 | F607: RR4 | G607: 35 day | H607: 1 | I607: 230029 | J607: 3.1053391 | K607: 18.899128 | L607: 25.665594 | M607: 36.5877 | N607: 16.767104
A608: Rosemount | B608: 2023 | C608: 45069 | D608: 1307 | E608: 3 | F608: RR3 | G608: 45 day | H608: 1 | I608: 230030 | J608: 2.7548367 | K608: 19.8428 | L608: 26.29736 | M608: 35.04808 | N608: 14.88888
A609: Rosemount | B609: 2023 | C609: 45069 | D609: 1308 | E609: 3 | F609: HX4 | G609: 45 day | H609: 1 | I609: 230031 | J609: 2.235949 | K609: 19.01236 | L609: 22.561936 | M609: 33.50872 | N609: 16.474368
A610: Rosemount | B610: 2023 | C610: 45069 | D610: 1309 | E610: 3 | F610: HX3 | G610: 45 day | H610: 1 | I610: 230032 | J610: 3.085908 | K610: 18.799696 | L610: 25.015216 | M610: 32.51888 | N610: 15.736976
... A1103: Rosemount | B1103: 2024 | C1103: 45482 | D1103: 1410 | E1103: 4 | F1103: HX3 | G1103: 35 day | H1103: 2 | I1103: 240117 | J1103: 3.7489277 | K1103: 22.190093 | L1103: 17.114548 | M1103: 23.508786 | N1103: 12.399509
A1104: Rosemount | B1104: 2024 | C1104: 45482 | D1104: 1411 | E1104: 4 | F1104: RR5 | G1104: 35 day | H1104: 2 | I1104: 240118 | J1104: 3.6117115 | K1104: #VALUE! | L1104: 0 | M1104: 0 | N1104: 0
A1105: Rosemount | B1105: 2024 | C1105: 45482 | D1105: 1412 | E1105: 4 | F1105: HX5 | G1105: 35 day | H1105: 2 | I1105: 240119 | J1105: 4.260785 | K1105: 18.703278 | L1105: 23.205919 | M1105: 30.357723 | N1105: 20.987362
A1106: Rosemount | B1106: 2024 | C1106: 45532 | D1106: 1101 | E1106: 1 | F1106: HX4 | G1106: 45 day | H1106: 3 | I1106: 240240 | J1106: 6.2757507 | K1106: 16.632 | L1106: 27.4239 | M1106: 35.4375 | N1106: 24.05025
A1107: Rosemount | B1107: 2024 | C1107: 45532 | D1107: 1102 | E1107: 1 | F1107: RR3 | G1107: 45 day | H1107: 3 | I1107: 240241 | J1107: 5.9857042 | K1107: 17.298288 | L1107: 29.078856 | M1107: 36.0774 | N1107: 26.334144
A1108: Rosemount | B1108: 2024 | C1108: 45532 | D1108: 1103 | E1108: 1 | F1108: HX5 | G1108: 45 day | H1108: 3 | I1108: 240242 | J1108: 4.3148755 | K1108: 17.13348 | L1108: 31.791078 | M1108: 39.058686 | N1108: 26.340372
A1109: Rosemount | B1109: 2024 | C1109: 45532 | D1109: 1104 | E1109: 1 | F1109: RR4 | G1109: 45 day | H1109: 3 | I1109: 240243 | J1109: 4.2068101 | K1109: 16.4675 | L1109: 33.01028 | M1109: 39.92663 | N1109: 29.6415
A1110: Rosemount | B1110: 2024 | C1110: 45532 | D1110: 1105 | E1110: 1 | F1110: RR5 | G1110: 45 day | H1110: 3 | I1110: 240244 | J1110: 4.9589312 | K1110: 18.998694 | L1110: 29.68251 | M1110: 36.685506 | N1110: 24.283974
A1111: Rosemount | B1111: 2024 | C1111: 45532 | D1111: 1106 | E1111: 1 | F1111: HX3 | G1111: 45 day | H1111: 3 | I1111: 240245 | J1111: 5.7582592 | K1111: 18.599609 | L1111: 26.345534 | M1111: 32.992946 | N1111: 22.298875
A1112: Rosemount | B1112: 2024 | C1112: 45517 | D1112: 1107 | E1112: 1 | F1112: RR4 | G1112: 35 day | H1112: 3 | I1112: 240192 | J1112: 6.841203 | K1112: 19.96404 | L1112: 22.31829 | M1112: 29.324538 | N1112: 18.278397
A1113: Rosemount | B1113: 2024 | C1113: 45517 | D1113: 1108 | E1113: 1 | F1113: HX5 | G1113: 35 day | H1113: 3 | I1113: 240193 | J1113: 3.8620475 | K1113: 18.718 | L1113: 25.849558 | M1113: 31.670856 | N1113: 20.720826
A1114: Rosemount | B1114: 2024 | C1114: 45517 | D1114: 1109 | E1114: 1 | F1114: HX4 | G1114: 35 day | H1114: 3 | I1114: 240194 | J1114: 5.4557353 | K1114: 16.68204 | L1114: 27.72876 | M1114: 34.97817 | N1114: 23.20371
A1115: Rosemount | B1115: 2024 | C1115: 45517 | D1115: 1110 | E1115: 1 | F1115: RR3 | G1115: 35 day | H1115: 3 | I1115: 240195 | J1115: 5.9372891 | K1115: 18.522996 | L1115: 24.271512 | M1115: 30.893577 | N1115: 21.218787
A1116: Rosemount | B1116: 2024 | C1116: 45517 | D1116: 1111 | E1116: 1 | F1116: RR5 | G1116: 35 day | H1116: 3 | I1116: 240196 | J1116: 4.1495296 | K1116: 19.703313 | L1116: 22.641444 | M1116: 30.366945 | N1116: 15.741999
... A1158: Rosemount | B1158: 2024 | C1158: 45587 | D1158: 1105 | E1158: 1 | F1158: RR5 | G1158: 45 day | H1158: 4 | I1158: 240340 | J1158: 0.86222395 | K1158: 19.159254 | L1158: 23.651316 | M1158: 27.824526 | N1158: 21.231792
A1159: Rosemount | B1159: 2024 | C1159: 45587 | D1159: 1106 | E1159: 1 | F1159: HX3 | G1159: 45 day | H1159: 4 | I1159: 240341 | J1159: 0.55369856 | K1159: #VALUE! | L1159: 0 | M1159: 0 | N1159: 0
A1160: Rosemount | B1160: 2024 | C1160: 45553 | D1160: 1107 | E1160: 1 | F1160: RR4 | G1160: 35 day | H1160: 4 | I1160: 240288 | J1160: 3.9467526 | K1160: 22.692981 | L1160: 22.522143 | M1160: 27.419499 | N1160: 16.334011
A1161: Rosemount | B1161: 2024 | C1161: 45553 | D1161: 1108 | E1161: 1 | F1161: HX5 | G1161: 35 day | H1161: 4 | I1161: 240289 | J1161: 4.2143353 | K1161: 18.826896 | L1161: 24.188448 | M1161: 33.010896 | N1161: 21.049056
A1162: Rosemount | B1162: 2024 | C1162: 45553 | D1162: 1109 | E1162: 1 | F1162: HX4 | G1162: 35 day | H1162: 4 | I1162: 240290 | J1162: 3.7014183 | K1162: 19.35782 | L1162: 25.428282 | M1162: 31.837036 | N1162: 20.645209
A1163: Rosemount | B1163: 2024 | C1163: 45553 | D1163: 1110 | E1163: 1 | F1163: RR3 | G1163: 35 day | H1163: 4 | I1163: 240291 | J1163: 3.0026234 | K1163: 18.865234 | L1163: 25.213565 | M1163: 34.882707 | N1163: 21.060186
A1164: Rosemount | B1164: 2024 | C1164: 45553 | D1164: 1111 | E1164: 1 | F1164: RR5 | G1164: 35 day | H1164: 4 | I1164: 240292 | J1164: 2.7792776 | K1164: 20.49691 | L1164: 22.205764 | M1164: 26.80006 | N1164: 15.911952
A1165: Rosemount | B1165: 2024 | C1165: 45553 | D1165: 1112 | E1165: 1 | F1165: HX3 | G1165: 35 day | H1165: 4 | I1165: 240293 | J1165: 2.9174014 | K1165: 21.883498 | L1165: 22.015896 | M1165: 27.169961 | N1165: 15.377082
A1166: Rosemount | B1166: 2024 | C1166: 45587 | D1166: 1201 | E1166: 2 | F1166: RR5 | G1166: 45 day | H1166: 4 | I1166: 240342 | J1166: 1.9620273 | K1166: 15.112228 | L1166: 29.942336 | M1166: 35.180364 | N1166: 29.979952
A1167: Rosemount | B1167: 2024 | C1167: 45587 | D1167: 1202 | E1167: 2 | F1167: RR4 | G1167: 45 day | H1167: 4 | I1167: 240343 | J1167: 2.4385747 | K1167: 18.581262 | L1167: 24.869146 | M1167: 29.425038 | N1167: 22.440592
A1168: Rosemount | B1168: 2024 | C1168: 45587 | D1168: 1203 | E1168: 2 | F1168: RR3 | G1168: 45 day | H1168: 4 | I1168: 240344 | J1168: 2.4581701 | K1168: 18.273275 | L1168: 23.271415 | M1168: 28.99297 | N1168: 21.9843
A1169: Rosemount | B1169: 2024 | C1169: 45587 | D1169: 1204 | E1169: 2 | F1169: HX4 | G1169: 45 day | H1169: 4 | I1169: 240345 | J1169: 1.5181769 | K1169: 16.543276 | L1169: 27.189006 | M1169: 34.132283 | N1169: 26.303432
A1170: Rosemount | B1170: 2024 | C1170: 45587 | D1170: 1205 | E1170: 2 | F1170: HX5 | G1170: 45 day | H1170: 4 | I1170: 240346 | J1170: 2.5878855 | K1170: 17.192826 | L1170: 26.205347 | M1170: 32.352397 | N1170: 23.254763
A1171: Rosemount | B1171: 2024 | C1171: 45587 | D1171: 1206 | E1171: 2 | F1171: HX3 | G1171: 45 day | H1171: 4 | I1171: 240347 | J1171: 1.3486749 | K1171: 18.33068 | L1171: 24.12724 | M1171: 29.77324 | N1171: 21.81238
... A1175: Rosemount | B1175: 2024 | C1175: 45553 | D1175: 1210 | E1175: 2 | F1175: HX4 | G1175: 35 day | H1175: 4 | I1175: 240297 | J1175: 2.4453462 | K1175: 21.291766 | L1175: 25.36547 | M1175: 30.628924 | N1175: 18.769496
A1176: Rosemount | B1176: 2024 | C1176: 45553 | D1176: 1211 | E1176: 2 | F1176: RR3 | G1176: 35 day | H1176: 4 | I1176: 240298 | J1176: 2.4092225 | K1176: #N/A | L1176: #N/A | M1176: #N/A | N1176: #N/A
A1177: Rosemount | B1177: 2024 | C1177: 45553 | D1177: 1212 | E1177: 2 | F1177: RR4 | G1177: 35 day | H1177: 4 | I1177: 240299 | J1177: 2.8132953 | K1177: 22.754146 | L1177: 22.233131 | M1177: 26.590711 | N1177: 18.065011
A1178: Rosemount | B1178: 2024 | C1178: 45553 | D1178: 1301 | E1178: 3 | F1178: HX4 | G1178: 35 day | H1178: 4 | I1178: 240300 | J1178: 3.0723826 | K1178: 21.877775 | L1178: 21.441925 | M1178: 28.06495 | N1178: 16.0696
A1179: Rosemount | B1179: 2024 | C1179: 45553 | D1179: 1302 | E1179: 3 | F1179: RR3 | G1179: 35 day | H1179: 4 | I1179: 240301 | J1179: 2.0460826 | K1179: 21.397695 | L1179: 23.077248 | M1179: 30.345822 | N1179: 18.12399
A1180: Rosemount | B1180: 2024 | C1180: 45553 | D1180: 1303 | E1180: 3 | F1180: RR5 | G1180: 35 day | H1180: 4 | I1180: 240302 | J1180: 2.5551648 | K1180: 22.752 | L1180: 21.92724 | M1180: 27.74796 | N1180: 17.40528
A1181: Rosemount | B1181: 2024 | C1181: 45553 | D1181: 1304 | E1181: 3 | F1181: HX3 | G1181: 35 day | H1181: 4 | I1181: 240303 | J1181: 2.2267615 | K1181: 22.076901 | L1181: 23.601732 | M1181: 28.810782 | N1181: 16.555308
A1182: Rosemount | B1182: 2024 | C1182: 45553 | D1182: 1305 | E1182: 3 | F1182: HX5 | G1182: 35 day | H1182: 4 | I1182: 240304 | J1182: 1.8532082 | K1182: 18.80886 | L1182: 27.510904 | M1182: 34.327348 | N1182: 23.108028
A1183: Rosemount | B1183: 2024 | C1183: 45553 | D1183: 1306 | E1183: 3 | F1183: RR4 | G1183: 35 day | H1183: 4 | I1183: 240305 | J1183: 2.6616057 | K1183: 21.52142 | L1183: 23.495 | M1183: 28.222194 | N1183: 19.21891
A1184: Rosemount | B1184: 2024 | C1184: 45587 | D1184: 1307 | E1184: 3 | F1184: RR3 | G1184: 45 day | H1184: 4 | I1184: 240348 | J1184: 1.3389131 | K1184: 16.422042 | L1184: 27.373236 | M1184: 33.774888 | N1184: 27.525204
A1185: Rosemount | B1185: 2024 | C1185: 45587 | D1185: 1308 | E1185: 3 | F1185: HX4 | G1185: 45 day | H1185: 4 | I1185: 240349 | J1185: 1.5031979 | K1185: 18.620742 | L1185: 24.063583 | M1185: 29.487558 | N1185: 22.176983
A1186: Rosemount | B1186: 2024 | C1186: 45587 | D1186: 1309 | E1186: 3 | F1186: HX3 | G1186: 45 day | H1186: 4 | I1186: 240350 | J1186: 1.4973647 | K1186: 17.443824 | L1186: 26.867824 | M1186: 31.532704 | N1186: 23.578848
A1187: Rosemount | B1187: 2024 | C1187: 45587 | D1187: 1310 | E1187: 3 | F1187: RR4 | G1187: 45 day | H1187: 4 | I1187: 240351 | J1187: 1.4991079 | K1187: 15.593695 | L1187: 28.37278 | M1187: 34.58759 | N1187: 28.646685
A1188: Rosemount | B1188: 2024 | C1188: 45587 | D1188: 1311 | E1188: 3 | F1188: RR5 | G1188: 45 day | H1188: 4 | I1188: 240352 | J1188: 1.8491713 | K1188: 19.189899 | L1188: 23.510679 | M1188: 28.357467 | N1188: 19.340187
... A1191: Rosemount | B1191: 2024 | C1191: 45587 | D1191: 1402 | E1191: 4 | F1191: HX5 | G1191: 45 day | H1191: 4 | I1191: 240355 | J1191: 1.5897077 | K1191: 14.24676 | L1191: 29.11788 | M1191: 37.47106 | N1191: 29.6571
A1192: Rosemount | B1192: 2024 | C1192: 45587 | D1192: 1403 | E1192: 4 | F1192: RR4 | G1192: 45 day | H1192: 4 | I1192: 240356 | J1192: 0.92600004 | K1192: #VALUE! | L1192: 0 | M1192: 0 | N1192: 0
A1193: Rosemount | B1193: 2024 | C1193: 45587 | D1193: 1404 | E1193: 4 | F1193: RR3 | G1193: 45 day | H1193: 4 | I1193: 240357 | J1193: 1.0826384 | K1193: 17.450664 | L1193: 27.063638 | M1193: 32.67278 | N1193: 25.203367
...

Sheet ForageQuality
A1: bottle | B1: CP | C1: ADF | D1: NDF | E1: NDFD
A2: 210228 | B2: 18.001832 | C2: 19.662984 | D2: 29.88268 | E2: 9.957884 | G2: Row Labels | H2: Average of CP | I2: Average of ADF | J2: Average of NDF | K2: Average of NDFD
A3: 210229 | B3: 20.786409 | C3: 18.025785 | D3: 25.363233 | E3: 10.107153 | G3: 210228 | H3: 18.001832 | I3: 19.662984 | J3: 29.88268 | K3: 9.957884
A4: 210230 | B4: 19.949328 | C4: 21.310128 | D4: 28.676592 | E4: 12.800592 | G4: 210229 | H4: 20.786409 | I4: 18.025785 | J4: 25.363233 | K4: 10.107153
A5: 210231 | B5: 18.607186 | C5: 22.873975 | D5: 32.105096 | E5: 13.878388 | G5: 210230 | H5: 19.949328 | I5: 21.310128 | J5: 28.676592 | K5: 12.800592
A6: 210232 | B6: 18.721936 | C6: 23.921462 | D6: 33.755942 | E6: 16.745934 | G6: 210231 | H6: 18.607186 | I6: 22.873975 | J6: 32.105096 | K6: 13.878388
A7: 210233 | B7: 19.69452 | C7: 18.14184 | D7: 27.79388 | E7: 8.68956 | G7: 210232 | H7: 18.721936 | I7: 23.921462 | J7: 33.755942 | K7: 16.745934
A8: 210234 | B8: 18.848346 | C8: 19.9166 | D8: 28.797593 | E8: 11.868483 | G8: 210233 | H8: 19.69452 | I8: 18.14184 | J8: 27.79388 | K8: 8.68956
A9: 210235 | B9: 20.989824 | C9: 19.338432 | D9: 29.571648 | E9: 6.379968 | G9: 210234 | H9: 18.848346 | I9: 19.9166 | J9: 28.797593 | K9: 11.868483
A10: 210236 | B10: 17.050487 | C10: 26.063015 | D10: 34.923546 | E10: 19.625495 | G10: 210235 | H10: 20.989824 | I10: 19.338432 | J10: 29.571648 | K10: 6.379968
A11: 210236 | B11: 16.9651 | C11: 25.144064 | D11: 33.617685 | E11: 20.143824 | G11: 210236 | H11: 17.229374 | I11: 25.189645 | J11: 34.285209 | K11: 18.759407
A12: 210236 | B12: 17.050487 | C12: 26.063015 | D12: 34.923546 | E12: 19.625495 | G12: 210237 | H12: 18.89118 | I12: 22.41932 | J12: 31.717532 | K12: 15.72032
A13: 210236 | B13: 16.9651 | C13: 25.144064 | D13: 33.617685 | E13: 20.143824 | G13: 210238 | H13: 18.698151 | I13: 24.011436 | J13: 32.031377 | K13: 18.781159
A14: 210236 | B14: 18.115696 | C14: 23.534068 | D14: 34.343584 | E14: 14.258396 | G14: 210239 | H14: 18.53815 | I14: 19.153074 | J14: 28.367891 | K14: 7.849324
... A597: 220140 | B597: 21.7616 | C597: 22.75456 | D597: 31.1344 | E597: 15.38624 | G597: 230019 | H597: 19.757679 | I597: 23.716462 | J597: 31.561556 | K597: 15.264415
A598: 220141 | B598: 18.288328 | C598: 27.896192 | D598: 35.899654 | E598: 23.361206 | G598: 230020 | H598: #VALUE! | I598: 0 | J598: 0 | K598: 0
A599: 220142 | B599: 17.999737 | C599: 28.062509 | D599: 36.324379 | E599: 25.231194 | G599: 230021 | H599: 19.0134 | I599: 25.686198 | J599: 33.934392 | K599: 15.3918
A600: 220143 | B600: 20.09034 | C600: 27.38488 | D600: 35.96834 | E600: 20.8749 | G600: 230022 | H600: 19.883856 | I600: 24.28632 | J600: 32.490912 | K600: 13.225584
A601: 220144 | B601: 16.338744 | C601: 31.151442 | D601: 42.784116 | E601: 24.818808 | G601: 230023 | H601: 16.601112 | I601: 27.17121 | J601: 36.131832 | K601: 20.93223
A602: 220145 | B602: 15.842112 | C602: 31.43496 | D602: 43.999712 | E602: 27.04976 | G602: 230024 | H602: 18.90196 | I602: 25.793488 | J602: 35.533876 | K602: 17.373524
A603: 220146 | B603: 17.157774 | C603: 32.987751 | D603: 48.054951 | E603: 24.455949 | G603: 230025 | H603: 19.177596 | I603: 24.748489 | J603: 31.086847 | K603: 18.771291
A604: 220147 | B604: 15.97926 | C604: 32.38026 | D604: 45.163668 | E604: 26.860152 | G604: 230026 | H604: 18.545142 | I604: 26.140422 | J604: 33.86229 | K604: 17.49627
A605: 220148 | B605: 17.245008 | C605: 29.5668 | D605: 39.00984 | E605: 23.97432 | G605: 230027 | H605: 18.32481 | I605: 24.91452 | J605: 33.327684 | K605: 15.652818
A606: 220149 | B606: 18.793476 | C606: 28.35702 | D606: 38.281977 | E606: 21.249231 | G606: 230028 | H606: 17.874108 | I606: 25.588386 | J606: 34.804161 | K606: 17.370612
A607: 220150 | B607: 16.384515 | C607: 29.941898 | D607: 42.278474 | E607: 25.490083 | G607: 230029 | H607: 18.899128 | I607: 25.665594 | J607: 36.5877 | K607: 16.767104
A608: 220151 | B608: 17.632174 | C608: 27.983492 | D608: 40.577902 | E608: 22.136744 | G608: 230030 | H608: 19.8428 | I608: 26.29736 | J608: 35.04808 | K608: 14.88888
A609: 220152 | B609: 16.979552 | C609: 30.193032 | D609: 41.399168 | E609: 24.880016 | G609: 230031 | H609: 19.01236 | I609: 22.561936 | J609: 33.50872 | K609: 16.474368
A610: 220153 | B610: 16.54296 | C610: 28.73492 | D610: 40.6246 | E610: 21.60844 | G610: 230032 | H610: 18.799696 | I610: 25.015216 | J610: 32.51888 | K610: 15.736976
... A919: 230019 | B919: 19.757679 | C919: 23.716462 | D919: 31.561556 | E919: 15.264415 | G919: 230341 | H919: 17.99658 | I919: 25.998165 | J919: 36.729045 | K919: 28.159245
A920: 230020 | B920: #VALUE! | C920: 0 | D920: 0 | E920: 0 | G920: 230342 | H920: 16.627644 | I920: 27.768444 | J920: 37.980844 | K920: 27.907704
A921: 230021 | B921: 19.0134 | C921: 25.686198 | D921: 33.934392 | E921: 15.3918 | G921: 230343 | H921: 16.850769 | I921: 25.666856 | J921: 36.753614 | K921: 26.144892
A922: 230021 | B922: 19.0134 | C922: 25.686198 | D922: 33.934392 | E922: 15.3918 | G922: 230344 | H922: 17.517115 | I922: 25.31375 | J922: 34.896155 | K922: 25.29534
A923: 230021 | B923: 19.0134 | C923: 25.686198 | D923: 33.934392 | E923: 15.3918 | G923: 230345 | H923: 15.183319 | I923: 30.108223 | J923: 41.688901 | K923: 32.107626
A924: 230022 | B924: 19.883856 | C924: 24.28632 | D924: 32.490912 | E924: 13.225584 | G924: 230346 | H924: 14.242592 | I924: 30.929402 | J924: 43.188682 | K924: 31.764281
A925: 230022 | B925: 19.883856 | C925: 24.28632 | D925: 32.490912 | E925: 13.225584 | G925: 230347 | H925: 15.837639 | I925: 27.591012 | J925: 38.885815 | K925: 28.801439
A926: 230022 | B926: 19.883856 | C926: 24.28632 | D926: 32.490912 | E926: 13.225584 | G926: 230348 | H926: 16.653056 | I926: 26.801012 | J926: 36.911796 | K926: 26.39212
A927: 230023 | B927: 16.601112 | C927: 27.17121 | D927: 36.131832 | E927: 20.93223 | G927: 230349 | H927: 7.955536 | I927: 30.14384 | J927: 43.673408 | K927: 30.500128
A928: 230023 | B928: 16.601112 | C928: 27.17121 | D928: 36.131832 | E928: 20.93223 | G928: 230350 | H928: 18.758922 | I928: 25.172784 | J928: 36.190518 | K928: 25.766832
A929: 230023 | B929: 16.601112 | C929: 27.17121 | D929: 36.131832 | E929: 20.93223 | G929: 230351 | H929: 16.589908 | I929: 28.448633 | J929: 39.242193 | K929: 30.242628
A930: 230024 | B930: 18.90196 | C930: 25.793488 | D930: 35.533876 | E930: 17.373524 | G930: 230352 | H930: 16.433539 | I930: 25.848703 | J930: 36.989748 | K930: 27.586226
A931: 230024 | B931: 18.90196 | C931: 25.793488 | D931: 35.533876 | E931: 17.373524 | G931: 230353 | H931: 15.244248 | I931: 29.929416 | J931: 41.213514 | K931: 29.016252
A932: 230024 | B932: 18.90196 | C932: 25.793488 | D932: 35.533876 | E932: 17.373524 | G932: 230354 | H932: 14.79882 | I932: 34.150398 | J932: 46.828368 | K932: 40.051074
... A1127: 230078 | B1127: 27.985616 | C1127: 16.012864 | D1127: 19.453416 | E1127: 6.585936 | G1127: 240117 | H1127: 22.190093 | I1127: 17.114548 | J1127: 23.508786 | K1127: 12.399509
A1128: 230078 | B1128: 26.602054 | C1128: 14.072361 | D1128: 18.727272 | E1128: 5.533873 | G1128: 240118 | H1128: #VALUE! | I1128: 0 | J1128: 0 | K1128: 0
A1129: 230078 | B1129: 26.061255 | C1129: 16.24458 | D1129: 18.602375 | E1129: 8.85742 | G1129: 240119 | H1129: 18.703278 | I1129: 23.205919 | J1129: 30.357723 | K1129: 20.987362
A1130: 230079 | B1130: 24.480656 | C1130: 20.292816 | D1130: 23.916208 | E1130: 9.003856 | G1130: 240120 | H1130: 19.100016 | I1130: 24.24734 | J1130: 28.892032 | K1130: 23.7354
A1131: 230079 | B1131: 24.480656 | C1131: 20.292816 | D1131: 23.916208 | E1131: 9.003856 | G1131: 240121 | H1131: 18.380134 | I1131: 23.671668 | J1131: 30.66472 | K1131: 20.726733
A1132: 230079 | B1132: 24.480656 | C1132: 20.292816 | D1132: 23.916208 | E1132: 9.003856 | G1132: 240122 | H1132: 16.74987 | I1132: 24.94365 | J1132: 31.51168 | K1132: 24.8043
A1133: 230080 | B1133: 26.274 | C1133: 16.67946 | D1133: 18.83574 | E1133: 6.08832 | G1133: 240123 | H1133: 20.005272 | I1133: 17.835912 | J1133: 24.985368 | K1133: 14.280048
A1134: 230080 | B1134: 26.274 | C1134: 16.67946 | D1134: 18.83574 | E1134: 6.08832 | G1134: 240124 | H1134: 21.175288 | I1134: 18.47888 | J1134: 25.729012 | K1134: 14.019436
A1135: 230080 | B1135: 25.47558 | C1135: 16.432416 | D1135: 18.290844 | E1135: 9.02538 | G1135: 240125 | H1135: 23.425328 | I1135: 16.586582 | J1135: 21.775254 | K1135: 8.546048
A1136: 230080 | B1136: 25.364446 | C1136: 16.672884 | D1136: 18.42185 | E1136: 10.43165 | G1136: 240126 | H1136: 16.415088 | I1136: 27.548556 | J1136: 36.728292 | K1136: 23.55696
A1137: 230080 | B1137: 26.274 | C1137: 16.67946 | D1137: 18.83574 | E1137: 6.08832 | G1137: 240127 | H1137: 21.11438 | I1137: 15.40196 | J1137: 21.30198 | K1137: 11.26538
A1138: 230080 | B1138: 25.47558 | C1138: 16.432416 | D1138: 18.290844 | E1138: 9.02538 | G1138: 240128 | H1138: 16.46454 | I1138: 25.971184 | J1138: 33.617428 | K1138: 23.292208
A1139: 230080 | B1139: 25.364446 | C1139: 16.672884 | D1139: 18.42185 | E1139: 10.43165 | G1139: 240129 | H1139: 16.420356 | I1139: 27.931437 | J1139: 36.431496 | K1139: 24.995223
A1140: 230081 | B1140: 25.870616 | C1140: 18.728588 | D1140: 22.141192 | E1140: 8.96148 | G1140: 240130 | H1140: 17.06826 | I1140: 24.431592 | J1140: 30.89214 | K1140: 22.0994
... A1345: 230140 | B1345: 16.423751 | C1345: 23.312878 | D1345: 30.599281 | E1345: 21.200092 | G1345: 240340 | H1345: 19.159254 | I1345: 23.651316 | J1345: 27.824526 | K1345: 21.231792
A1346: 230140 | B1346: 16.423751 | C1346: 23.312878 | D1346: 30.599281 | E1346: 21.200092 | G1346: 240341 | H1346: #VALUE! | I1346: 0 | J1346: 0 | K1346: 0
A1347: 230140 | B1347: 16.423751 | C1347: 23.312878 | D1347: 30.599281 | E1347: 21.200092 | G1347: 240342 | H1347: 15.112228 | I1347: 29.942336 | J1347: 35.180364 | K1347: 29.979952
A1348: 230141 | B1348: 17.890203 | C1348: 25.133865 | D1348: 31.091184 | E1348: 24.896667 | G1348: 240343 | H1348: 18.581262 | I1348: 24.869146 | J1348: 29.425038 | K1348: 22.440592
A1349: 230141 | B1349: 17.890203 | C1349: 25.133865 | D1349: 31.091184 | E1349: 24.896667 | G1349: 240344 | H1349: 18.273275 | I1349: 23.271415 | J1349: 28.99297 | K1349: 21.9843
A1350: 230141 | B1350: 17.890203 | C1350: 25.133865 | D1350: 31.091184 | E1350: 24.896667 | G1350: 240345 | H1350: 16.543276 | I1350: 27.189006 | J1350: 34.132283 | K1350: 26.303432
A1351: 230142 | B1351: 18.621312 | C1351: 22.90176 | D1351: 27.518464 | E1351: 22.520064 | G1351: 240346 | H1351: 17.192826 | I1351: 26.205347 | J1351: 32.352397 | K1351: 23.254763
A1352: 230142 | B1352: 18.621312 | C1352: 22.90176 | D1352: 27.518464 | E1352: 22.520064 | G1352: 240347 | H1352: 18.33068 | I1352: 24.12724 | J1352: 29.77324 | K1352: 21.81238
A1353: 230142 | B1353: 18.621312 | C1353: 22.90176 | D1353: 27.518464 | E1353: 22.520064 | G1353: 240348 | H1353: 16.422042 | I1353: 27.373236 | J1353: 33.774888 | K1353: 27.525204
A1354: 230143 | B1354: 16.99082 | C1354: 25.586176 | D1354: 31.146808 | E1354: 23.868922 | G1354: 240349 | H1354: 18.620742 | I1354: 24.063583 | J1354: 29.487558 | K1354: 22.176983
A1355: 230143 | B1355: 16.99082 | C1355: 25.586176 | D1355: 31.146808 | E1355: 23.868922 | G1355: 240350 | H1355: 17.443824 | I1355: 26.867824 | J1355: 31.532704 | K1355: 23.578848
A1356: 230143 | B1356: 16.99082 | C1356: 25.586176 | D1356: 31.146808 | E1356: 23.868922 | G1356: 240351 | H1356: 15.593695 | I1356: 28.37278 | J1356: 34.58759 | K1356: 28.646685
A1357: 230144 | B1357: 14.816928 | C1357: 24.803828 | D1357: 35.181125 | E1357: 23.296714 | G1357: 240352 | H1357: 19.189899 | I1357: 23.510679 | J1357: 28.357467 | K1357: 19.340187
A1358: 230144 | B1358: 14.816928 | C1358: 24.803828 | D1358: 35.181125 | E1358: 23.296714 | G1358: 240353 | H1358: 16.11566 | I1358: 28.242576 | J1358: 35.341028 | K1358: 26.078068
... A1360: 230144 | B1360: 15.24992 | C1360: 24.42496 | D1360: 34.19136 | E1360: 23.3856 | G1360: 240355 | H1360: 14.24676 | I1360: 29.11788 | J1360: 37.47106 | K1360: 29.6571
A1361: 230144 | B1361: 14.816928 | C1361: 24.803828 | D1361: 35.181125 | E1361: 23.296714 | G1361: 240356 | H1361: #VALUE! | I1361: 0 | J1361: 0 | K1361: 0
A1362: 230144 | B1362: 14.719637 | C1362: 24.422234 | D1362: 34.975936 | E1362: 24.081792 | G1362: 240357 | H1362: 17.450664 | I1362: 27.063638 | J1362: 32.67278 | K1362: 25.203367
A1363: 230144 | B1363: 15.24992 | C1363: 24.42496 | D1363: 34.19136 | E1363: 23.3856 | G1363: 240358 | H1363: 18.707605 | I1363: 23.42452 | J1363: 28.160265 | K1363: 20.571775
A1364: 230145 | B1364: 15.756858 | C1364: 25.661688 | D1364: 34.312512 | E1364: 27.35187 | G1364: 240359 | H1364: 16.932564 | I1364: 28.420482 | J1364: 35.594492 | K1364: 26.624604
A1365: 230145 | B1365: 15.756858 | C1365: 25.661688 | D1365: 34.312512 | E1365: 27.35187 | G1365: 240360 | H1365: 20.889966 | I1365: 23.176908 | J1365: 28.750128 | K1365: 22.600368
A1366: 230145 | B1366: 15.756858 | C1366: 25.661688 | D1366: 34.312512 | E1366: 27.35187 | G1366: 240361 | H1366: 18.40111 | I1366: 25.85076 | J1366: 30.54831 | K1366: 26.572
A1367: 230146 | B1367: 16.778556 | C1367: 23.011371 | D1367: 33.447924 | E1367: 20.117889 | G1367: 240362 | H1367: 19.426869 | I1367: 24.243054 | J1367: 30.117846 | K1367: 22.211673
A1368: 230146 | B1368: 16.778556 | C1368: 23.011371 | D1368: 33.447924 | E1368: 20.117889 | G1368: 240363 | H1368: 19.473619 | I1368: 24.093515 | J1368: 31.828054 | K1368: 21.793034
A1369: 230146 | B1369: 16.778556 | C1369: 23.011371 | D1369: 33.447924 | E1369: 20.117889 | G1369: 240364 | H1369: 20.52688 | I1369: 22.97284 | J1369: 31.60564 | K1369: 20.853008
A1370: 230147 | B1370: 15.677732 | C1370: 24.41614 | D1370: 33.668572 | E1370: 25.012775 | G1370: 240365 | H1370: 19.845996 | I1370: 22.804644 | J1370: 31.79586 | K1370: 21.603894
A1371: 230147 | B1371: 15.677732 | C1371: 24.41614 | D1371: 33.668572 | E1371: 25.012775 | G1371: 240366 | H1371: 17.875607 | I1371: 26.931698 | J1371: 35.9594 | K1371: 24.622726
A1372: 230147 | B1372: 15.677732 | C1372: 24.41614 | D1372: 33.668572 | E1372: 25.012775 | G1372: 240367 | H1372: 21.178312 | I1372: 21.159198 | J1372: 28.326948 | K1372: 19.40071
A1373: 230148 | B1373: 15.215578 | C1373: 25.892055 | D1373: 34.422277 | E1373: 25.873789 | G1373: 240368 | H1373: 17.008398 | I1373: 27.0351 | J1373: 33.409692 | K1373: 26.65566
... A1410: 230157 | B1410: 15.335789 | C1410: 25.321674 | D1410: 34.476155 | E1410: 23.875754 | G1410: 240405 | H1410: 21.74239 | I1410: 22.148525 | J1410: 26.190985 | K1410: 14.951435
A1411: 230157 | B1411: 15.26577 | C1411: 26.37636 | D1411: 34.460895 | E1411: 24.542661 | G1411: 240406 | H1411: #VALUE! | I1411: 0 | J1411: 0 | K1411: 0
A1412: 230157 | B1412: 15.812685 | C1412: 24.86547 | D1412: 34.630785 | E1412: 22.38075 | G1412: 240407 | H1412: 27.632025 | I1412: 15.230475 | J1412: 16.24965 | K1412: 9.782175
A1413: 230157 | B1413: 15.335789 | C1413: 25.321674 | D1413: 34.476155 | E1413: 23.875754 | G1413: 240408 | H1413: 27.195355 | I1413: 15.887058 | J1413: 20.188608 | K1413: 9.36782
A1414: 230157 | B1414: 15.26577 | C1414: 26.37636 | D1414: 34.460895 | E1414: 24.542661 | G1414: 240409 | H1414: 27.658553 | I1414: 15.822729 | J1414: 20.117058 | K1414: 9.213113
A1415: 230158 | B1415: 16.959828 | C1415: 23.273208 | D1415: 32.847744 | E1415: 22.0287 | G1415: 240410 | H1415: 27.8908 | I1415: 16.213328 | J1415: 22.127416 | K1415: 11.878421
A1416: 230158 | B1416: 16.959828 | C1416: 23.273208 | D1416: 32.847744 | E1416: 22.0287 | G1416: 240411 | H1416: 24.692544 | I1416: 18.954936 | J1416: 24.133932 | K1416: 14.078916
A1417: 230158 | B1417: 16.959828 | C1417: 23.273208 | D1417: 32.847744 | E1417: 22.0287 | G1417: 240412 | H1417: 26.908836 | I1417: 17.643732 | J1417: 22.419264 | K1417: 12.8682
A1418: 230159 | B1418: 14.363364 | C1418: 28.434344 | D1418: 37.178453 | E1418: 28.799824 | G1418: 240413 | H1418: 25.995112 | I1418: 16.132597 | J1418: 22.154925 | K1418: 13.264368
A1419: 230159 | B1419: 14.363364 | C1419: 28.434344 | D1419: 37.178453 | E1419: 28.799824 | G1419: 240414 | H1419: 23.984072 | I1419: 18.887576 | J1419: 23.659576 | K1419: 13.428408
A1420: 230159 | B1420: 14.363364 | C1420: 28.434344 | D1420: 37.178453 | E1420: 28.799824 | G1420: 240415 | H1420: 22.475712 | I1420: 20.5454 | J1420: 26.85236 | K1420: 14.305332
A1421: 230160 | B1421: 16.116269 | C1421: 24.359908 | D1421: 32.205391 | E1421: 25.898238 | G1421: 240416 | H1421: 26.619049 | I1421: 17.006879 | J1421: 21.898617 | K1421: 12.153209
A1422: 230160 | B1422: 16.116269 | C1422: 24.359908 | D1422: 32.205391 | E1422: 25.898238 | G1422: 240417 | H1422: 25.776391 | I1422: 18.907803 | J1422: 25.814763 | K1422: 14.562174
A1423: 230160 | B1423: 16.116269 | C1423: 24.359908 | D1423: 32.205391 | E1423: 25.898238 | G1423: 240418 | H1423: 28.424853 | I1423: 16.215456 | J1423: 20.345808 | K1423: 10.450173
... A1436: 230165 | B1436: 16.368992 | C1436: 24.8084 | D1436: 33.721216 | E1436: 23.615776 | G1436: 240431 | H1436: 23.574433 | I1436: 19.46161 | J1436: 25.031657 | K1436: 15.252917
A1437: 230165 | B1437: 16.368992 | C1437: 24.8084 | D1437: 33.721216 | E1437: 23.615776 | G1437: Grand Total | H1437: #VALUE! | I1437: 24.271576 | J1437: 31.99565 | K1437: 19.250526
...

Sheet yld_soil
A1: location | B1: year | C1: date | D1: plot | E1: rep | F1: var | G1: harv_trt | H1: harv | I1: bottle | J1: dm_yld | K1: CP | L1: ADF | M1: NDF | N1: NDFD | O1: RFV | P1: RFQ | Q1: total_C | R1: total_N | S1: min_C | T1: plotID
A2: Rosemount | B2: 2021 | C2: 44393 | D2: 1101 | E2: 1 | F2: HX4 | G2: 45 day | H2: 1st | I2: 210228 | J2: 2.5230974 | K2: 18.001832 | L2: 19.662984 | M2: 29.88268 | N2: 9.957884 | O2: 229.05867 | P2: 139.59353 | Q2: 2.52 | R2: 0.179 | T2: 1101 | U2: =T2=D2 -> TRUE
A3: Rosemount | B3: 2021 | C3: 44393 | D3: 1102 | E3: 1 | F3: RR3 | G3: 45 day | H3: 1st | I3: 210229 | J3: 2.9208129 | K3: 20.786409 | L3: 18.025785 | M3: 25.363233 | N3: 10.107153 | O3: 274.55202 | P3: 185.18484 | Q3: 2.483 | R3: 0.166 | T3: 1102 | U3: =T3=D3 -> TRUE
A4: Rosemount | B4: 2021 | C4: 44393 | D4: 1103 | E4: 1 | F4: HX5 | G4: 45 day | H4: 1st | I4: 210230 | J4: 3.038569 | K4: 19.949328 | L4: 21.310128 | M4: 28.676592 | N4: 12.800592 | O4: 234.53019 | P4: 156.51342 | Q4: 2.641 | R4: 0.2 | T4: 1103 | U4: =T4=D4 -> TRUE
A5: Rosemount | B5: 2021 | C5: 44393 | D5: 1104 | E5: 1 | F5: RR4 | G5: 45 day | H5: 1st | I5: 210231 | J5: 3.5084389 | K5: 18.607186 | L5: 22.873975 | M5: 32.105096 | N5: 13.878388 | O5: 205.95491 | P5: 130.95084 | Q5: 2.752 | R5: 0.2 | T5: 1104 | U5: =T5=D5 -> TRUE
A6: Rosemount | B6: 2021 | C6: 44393 | D6: 1105 | E6: 1 | F6: RR5 | G6: 45 day | H6: 1st | I6: 210232 | J6: 3.3139104 | K6: 18.721936 | L6: 23.921462 | M6: 33.755942 | N6: 16.745934 | O6: 193.63394 | P6: 126.38745 | Q6: 2.478 | R6: 0.186 | T6: 1105 | U6: =T6=D6 -> TRUE
A7: Rosemount | B7: 2021 | C7: 44393 | D7: 1106 | E7: 1 | F7: HX3 | G7: 45 day | H7: 1st | I7: 210233 | J7: 2.6235365 | K7: 19.69452 | L7: 18.14184 | M7: 27.79388 | N7: 8.68956 | O7: 250.23915 | P7: 156.68451 | Q7: 2.74 | R7: 0.196 | T7: 1106 | U7: =T7=D7 -> TRUE
A8: Rosemount | B8: 2021 | C8: 44393 | D8: 1107 | E8: 1 | F8: RR4 | G8: 35 day | H8: 1st | I8: 210234 | J8: 3.2388698 | K8: 18.848346 | L8: 19.9166 | M8: 28.797593 | N8: 11.868483 | O8: 237.05136 | P8: 153.19097 | Q8: 2.619 | R8: 0.177 | T8: 1107 | U8: =T8=D8 -> TRUE
A9: Rosemount | B9: 2021 | C9: 44393 | D9: 1108 | E9: 1 | F9: HX5 | G9: 35 day | H9: 1st | I9: 210235 | J9: 3.0639673 | K9: 20.989824 | L9: 19.338432 | M9: 29.571648 | N9: 6.379968 | O9: 232.2632 | P9: 134.75578 | Q9: 2.785 | R9: 0.187 | T9: 1108 | U9: =T9=D9 -> TRUE
A10: Rosemount | B10: 2021 | C10: 44393 | D10: 1109 | E10: 1 | F10: HX4 | G10: 35 day | H10: 1st | I10: 210236 | J10: 3.0247153 | K10: 18.115696 | L10: 23.534068 | M10: 34.343584 | N10: 14.258396 | O10: 191.13813 | P10: 117.24504 | Q10: 2.538 | R10: 0.153 | T10: 1109 | U10: =T10=D10 -> TRUE
A11: Rosemount | B11: 2021 | C11: 44393 | D11: 1110 | E11: 1 | F11: RR3 | G11: 35 day | H11: 1st | I11: 210237 | J11: 2.6968454 | K11: 18.89118 | L11: 22.41932 | M11: 31.717532 | N11: 15.72032 | O11: 209.51027 | P11: 134.35829 | Q11: 2.777 | R11: 0.196 | T11: 1110 | U11: =T11=D11 -> TRUE
A12: Rosemount | B12: 2021 | C12: 44393 | D12: 1111 | E12: 1 | F12: RR5 | G12: 35 day | H12: 1st | I12: 210238 | J12: 3.5788616 | K12: 19.543084 | L12: 23.101298 | M12: 32.565786 | N12: 15.858436 | O12: 202.53554 | P12: 130.8493 | Q12: 2.731 | R12: 0.193 | T12: 1111 | U12: =T12=D12 -> TRUE
A13: Rosemount | B13: 2021 | C13: 44393 | D13: 1112 | E13: 1 | F13: HX3 | G13: 35 day | H13: 1st | I13: 210239 | J13: 3.3693251 | K13: 18.53815 | L13: 19.153074 | M13: 28.367891 | N13: 7.849324 | O13: 242.5925 | P13: 148.83888 | Q13: 2.839 | R13: 0.172 | T13: 1112 | U13: =T13=D13 -> TRUE
... A49: Rosemount | B49: 2021 | C49: 44393 | D49: 1412 | E49: 4 | F49: HX5 | G49: 35 day | H49: 1st | I49: 210275 | J49: 1.7276666 | K49: 18.608436 | L49: 17.442018 | M49: 27.062706 | N49: 9.801528 | O49: 258.87395 | P49: 165.26158 | Q49: 2.072 | R49: 0.14 | T49: 1412 | U49: =T49=D49 -> TRUE
A50: Rosemount | B50: 2021 | C50: 44440 | D50: 1101 | E50: 1 | F50: HX4 | G50: 45 day | H50: 2nd | I50: 210372 | J50: 2.1359646 | K50: 25.117248 | L50: 18.258864 | M50: 28.989792 | N50: 6.939816 | O50: 239.62355 | P50: 140.82276 | T50: 1101 | U50: =T50=D50 -> TRUE
A51: Rosemount | B51: 2021 | C51: 44440 | D51: 1102 | E51: 1 | F51: RR3 | G51: 45 day | H51: 2nd | I51: 210373 | J51: 2.3350925 | K51: 20.827719 | L51: 26.700093 | M51: 37.164261 | N51: 17.415888 | O51: 170.45791 | P51: 108.26711 | T51: 1102 | U51: =T51=D51 -> TRUE
A52: Rosemount | B52: 2021 | C52: 44440 | D52: 1103 | E52: 1 | F52: HX5 | G52: 45 day | H52: 2nd | I52: 210374 | J52: 2.3274526 | K52: 20.0837 | L52: 26.9451 | M52: 39.4394 | N52: 16.3072 | O52: 160.17454 | P52: 94.103121 | T52: 1103 | U52: =T52=D52 -> TRUE
A53: Rosemount | B53: 2021 | C53: 44440 | D53: 1104 | E53: 1 | F53: RR4 | G53: 45 day | H53: 2nd | I53: 210375 | J53: 2.6287594 | K53: 18.74725 | L53: 30.772925 | M53: 45.185445 | N53: 24.74637 | O53: 133.66702 | P53: 87.162295 | T53: 1104 | U53: =T53=D53 -> TRUE
A54: Rosemount | B54: 2021 | C54: 44440 | D54: 1105 | E54: 1 | F54: RR5 | G54: 45 day | H54: 2nd | I54: 210376 | J54: 2.5579338 | K54: 22.371609 | L54: 24.111321 | M54: 37.911224 | N54: 15.938299 | O54: 172.04767 | P54: 99.835291 | T54: 1105 | U54: =T54=D54 -> TRUE
A55: Rosemount | B55: 2021 | C55: 44440 | D55: 1106 | E55: 1 | F55: HX3 | G55: 45 day | H55: 2nd | I55: 210377 | J55: 1.8039228 | K55: 22.77885 | L55: 26.29025 | M55: 40.2001 | N55: 17.98235 | O55: 158.32402 | P55: 92.587446 | T55: 1106 | U55: =T55=D55 -> TRUE
A56: Rosemount | B56: 2021 | C56: 44428 | D56: 1107 | E56: 1 | F56: RR4 | G56: 35 day | H56: 2nd | I56: 210324 | J56: 2.719788 | K56: 26.297154 | L56: 22.507524 | M56: 31.545072 | N56: 17.633772 | O56: 210.45307 | P56: 154.55518 | T56: 1107 | U56: =T56=D56 -> TRUE
A57: Rosemount | B57: 2021 | C57: 44428 | D57: 1108 | E57: 1 | F57: HX5 | G57: 35 day | H57: 2nd | I57: 210325 | J57: 2.6989724 | K57: 27.721958 | L57: 21.459989 | M57: 27.750815 | N57: 10.176902 | O57: 241.96287 | P57: 173.4281 | T57: 1108 | U57: =T57=D57 -> TRUE
A58: Rosemount | B58: 2021 | C58: 44428 | D58: 1109 | E58: 1 | F58: HX4 | G58: 35 day | H58: 2nd | I58: 210326 | J58: 3.1053747 | K58: 30.822205 | L58: 17.793472 | M58: 24.782395 | N58: 8.858388 | O58: 281.66614 | P58: 203.43944 | T58: 1109 | U58: =T58=D58 -> TRUE
A59: Rosemount | B59: 2021 | C59: 44428 | D59: 1110 | E59: 1 | F59: RR3 | G59: 35 day | H59: 2nd | I59: 210327 | J59: 2.9799296 | K59: 28.911634 | L59: 21.185166 | M59: 28.526274 | N59: 10.713008 | O59: 236.08348 | P59: 167.05781 | T59: 1110 | U59: =T59=D59 -> TRUE
A60: Rosemount | B60: 2021 | C60: 44428 | D60: 1111 | E60: 1 | F60: RR5 | G60: 35 day | H60: 2nd | I60: 210328 | J60: 2.893687 | K60: 25.83678 | L60: 24.9099 | M60: 32.276665 | N60: 13.94182 | O60: 200.28924 | P60: 142.58758 | T60: 1111 | U60: =T60=D60 -> TRUE
A61: Rosemount | B61: 2021 | C61: 44428 | D61: 1112 | E61: 1 | F61: HX3 | G61: 35 day | H61: 2nd | I61: 210329 | J61: 2.152718 | K61: 32.298488 | L61: 17.02976 | M61: 24.4319 | N61: 9.859844 | O61: 287.97203 | P61: 212.8033 | T61: 1112 | U61: =T61=D61 -> TRUE
... A121: Rosemount | B121: 2021 | C121: 44487 | D121: 1412 | E121: 4 | F121: HX5 | G121: 35 day | H121: 3rd | I121: 210443 | J121: 0.98479185 | K121: 13.804652 | L121: 31.985944 | M121: 45.070274 | N121: 26.223368 | O121: 132.05827 | P121: 90.331916 | T121: 1412 | U121: =T121=D121 -> TRUE
A122: St. Paul | B122: 2021 | C122: 44393 | D122: 2101 | E122: 1 | F122: HX3 | G122: 45 day | H122: 1st | I122: 210276 | J122: 2.1963078 | K122: 18.78005 | L122: 17.964721 | M122: 26.896696 | N122: 9.206805 | O122: 259.06349 | P122: 169.01217 | Q122: 2.739 | R122: 0.225 | T122: 2101 | U122: =T122=D122 -> TRUE
A123: St. Paul | B123: 2021 | C123: 44393 | D123: 2102 | E123: 1 | F123: RR5 | G123: 45 day | H123: 1st | I123: 210277 | J123: 2.9267871 | K123: 19.288207 | L123: 17.186697 | M123: 26.488163 | N123: 10.187755 | O123: 265.18756 | P123: 174.61055 | Q123: 2.378 | R123: 0.157 | T123: 2102 | U123: =T123=D123 -> TRUE
A124: St. Paul | B124: 2021 | C124: 44393 | D124: 2103 | E124: 1 | F124: RR3 | G124: 45 day | H124: 1st | I124: 210278 | J124: 2.6108548 | K124: 19.422648 | L124: 16.876608 | M124: 25.533144 | N124: 8.147328 | O124: 275.98646 | P124: 179.71367 | Q124: 2.398 | R124: 0.219 | T124: 2103 | U124: =T124=D124 -> TRUE
A125: St. Paul | B125: 2021 | C125: 44393 | D125: 2104 | E125: 1 | F125: HX5 | G125: 45 day | H125: 1st | I125: 210279 | J125: 2.7764301 | K125: 20.267312 | L125: 16.840824 | M125: 24.814699 | N125: 7.609355 | O125: 284.08143 | P125: 187.57897 | Q125: 2.542 | R125: 0.223 | T125: 2104 | U125: =T125=D125 -> TRUE
A126: St. Paul | B126: 2021 | C126: 44393 | D126: 2105 | E126: 1 | F126: HX4 | G126: 45 day | H126: 1st | I126: 210280 | J126: 3.1404523 | K126: 19.368433 | L126: 20.603548 | M126: 29.981273 | N126: 10.79582 | O126: 226.03206 | P126: 143.20757 | Q126: 2.116 | R126: 0.18 | T126: 2105 | U126: =T126=D126 -> TRUE
A127: St. Paul | B127: 2021 | C127: 44393 | D127: 2106 | E127: 1 | F127: RR4 | G127: 45 day | H127: 1st | I127: 210281 | J127: 2.4720638 | K127: 18.56218 | L127: 19.861072 | M127: 27.995268 | N127: 13.237644 | O127: 243.98883 | P127: 167.73217 | Q127: 2.575 | R127: 0.225 | T127: 2106 | U127: =T127=D127 -> TRUE
A128: St. Paul | B128: 2021 | C128: 44393 | D128: 2107 | E128: 1 | F128: RR3 | G128: 35 day | H128: 1st | I128: 210282 | J128: 2.6345954 | K128: 18.968568 | L128: 18.813834 | M128: 26.523228 | N128: 12.023742 | O128: 260.39141 | P128: 177.09331 | Q128: 2.605 | R128: 0.223 | T128: 2107 | U128: =T128=D128 -> TRUE
A129: St. Paul | B129: 2021 | C129: 44393 | D129: 2108 | E129: 1 | F129: HX3 | G129: 35 day | H129: 1st | I129: 210283 | J129: 3.6189163 | K129: 21.850483 | L129: 20.124724 | M129: 29.967942 | N129: 9.459716 | O129: 227.29045 | P129: 139.93047 | Q129: 2.379 | R129: 0.192 | T129: 2108 | U129: =T129=D129 -> TRUE
A130: St. Paul | B130: 2021 | C130: 44393 | D130: 2109 | E130: 1 | F130: HX4 | G130: 35 day | H130: 1st | I130: 210284 | J130: 2.8969592 | K130: 20.95548 | L130: 20.321301 | M130: 28.712684 | N130: 11.038391 | O130: 236.73099 | P130: 155.56653 | Q130: 2.079 | R130: 0.176 | T130: 2109 | U130: =T130=D130 -> TRUE
A131: St. Paul | B131: 2021 | C131: 44393 | D131: 2110 | E131: 1 | F131: HX5 | G131: 35 day | H131: 1st | I131: 210285 | J131: 2.7587769 | K131: 22.013936 | L131: 19.737578 | M131: 28.779016 | N131: 5.997152 | O131: 237.65516 | P131: 143.53251 | Q131: 1.989 | R131: 0.16 | T131: 2110 | U131: =T131=D131 -> TRUE
A132: St. Paul | B132: 2021 | C132: 44393 | D132: 2111 | E132: 1 | F132: RR4 | G132: 35 day | H132: 1st | I132: 210286 | J132: 3.7473589 | K132: 21.544058 | L132: 20.219402 | M132: 28.866462 | N132: 11.793118 | O132: 235.72567 | P132: 155.83622 | Q132: 2.623 | R132: 0.172 | T132: 2111 | U132: =T132=D132 -> TRUE
A133: St. Paul | B133: 2021 | C133: 44393 | D133: 2112 | E133: 1 | F133: RR5 | G133: 35 day | H133: 1st | I133: 210287 | J133: 2.9231347 | K133: 19.431048 | L133: 17.08875 | M133: 25.054386 | N133: 8.895264 | O133: 280.64664 | P133: 187.51516 | Q133: 2.694 | R133: 0.191 | T133: 2112 | U133: =T133=D133 -> TRUE
... A169: St. Paul | B169: 2021 | C169: 44393 | D169: 2412 | E169: 4 | F169: HX5 | G169: 35 day | H169: 1st | I169: 210323 | J169: 2.1847419 | K169: 17.476816 | L169: 22.114824 | M169: 31.645976 | N169: 15.417504 | O169: 210.68126 | P169: 138.71649 | Q169: 2.287 | R169: 0.196 | T169: 2412 | U169: =T169=D169 -> TRUE
A170: St. Paul | B170: 2021 | C170: 44440 | D170: 2101 | E170: 1 | F170: HX3 | G170: 45 day | H170: 2nd | I170: 210396 | J170: 1.129352 | K170: 18.40587 | L170: 25.389952 | M170: 38.739974 | N170: 15.112188 | O170: 165.97537 | P170: 97.636209 | T170: 2101 | U170: =T170=D170 -> TRUE
A171: St. Paul | B171: 2021 | C171: 44440 | D171: 2102 | E171: 1 | F171: RR5 | G171: 45 day | H171: 2nd | I171: 210397 | J171: 1.513835 | K171: 16.346544 | L171: 28.402464 | M171: 43.988064 | N171: 21.581472 | O171: 141.21057 | P171: 86.296138 | T171: 2102 | U171: =T171=D171 -> TRUE
A172: St. Paul | B172: 2021 | C172: 44440 | D172: 2103 | E172: 1 | F172: RR3 | G172: 45 day | H172: 2nd | I172: 210398 | J172: 1.2786442 | K172: 16.406919 | L172: 29.264661 | M172: 43.369659 | N172: 21.267549 | O172: 141.78346 | P172: 88.131452 | T172: 2103 | U172: =T172=D172 -> TRUE
A173: St. Paul | B173: 2021 | C173: 44440 | D173: 2104 | E173: 1 | F173: HX5 | G173: 45 day | H173: 2nd | I173: 210399 | J173: 2.5710657 | K173: 18.586098 | L173: 24.943788 | M173: 35.233326 | N173: 16.511958 | O173: 183.41195 | P173: 114.93768 | T173: 2104 | U173: =T173=D173 -> TRUE
A174: St. Paul | B174: 2021 | C174: 44440 | D174: 2105 | E174: 1 | F174: HX4 | G174: 45 day | H174: 2nd | I174: 210400 | J174: 3.3370724 | K174: NA | L174: NA | M174: NA | N174: NA | O174: NA | P174: NA | T174: 2105 | U174: =T174=D174 -> TRUE
A175: St. Paul | B175: 2021 | C175: 44440 | D175: 2106 | E175: 1 | F175: RR4 | G175: 45 day | H175: 2nd | I175: 210401 | J175: 3.1833907 | K175: 16.434725 | L175: 30.27693 | M175: 41.961788 | N175: 24.832638 | O175: 144.79236 | P175: 102.22937 | T175: 2106 | U175: =T175=D175 -> TRUE
A176: St. Paul | B176: 2021 | C176: 44428 | D176: 2107 | E176: 1 | F176: RR3 | G176: 35 day | H176: 2nd | I176: 210348 | J176: 3.1567238 | K176: 21.994938 | L176: 23.968476 | M176: 30.756684 | N176: 18.219474 | O176: 212.40551 | P176: 161.31247 | T176: 2107 | U176: =T176=D176 -> TRUE
A177: St. Paul | B177: 2021 | C177: 44428 | D177: 2108 | E177: 1 | F177: HX3 | G177: 35 day | H177: 2nd | I177: 210349 | J177: 3.9908176 | K177: 27.389667 | L177: 18.757311 | M177: 23.662923 | N177: 8.261583 | O177: 292.03986 | P177: 215.30473 | T177: 2108 | U177: =T177=D177 -> TRUE
A178: St. Paul | B178: 2021 | C178: 44428 | D178: 2109 | E178: 1 | F178: HX4 | G178: 35 day | H178: 2nd | I178: 210350 | J178: 3.9472695 | K178: 27.27595 | L178: 18.0583 | M178: 26.644475 | N178: 11.78125 | O178: 261.26132 | P178: 183.30846 | T178: 2109 | U178: =T178=D178 -> TRUE
A179: St. Paul | B179: 2021 | C179: 44428 | D179: 2110 | E179: 1 | F179: HX5 | G179: 35 day | H179: 2nd | I179: 210351 | J179: 3.6685868 | K179: 26.38449 | L179: 21.41766 | M179: 28.0401 | N179: 9.08193 | O179: 239.57597 | P179: 167.06192 | T179: 2110 | U179: =T179=D179 -> TRUE
A180: St. Paul | B180: 2021 | C180: 44428 | D180: 2111 | E180: 1 | F180: RR4 | G180: 35 day | H180: 2nd | I180: 210352 | J180: 4.6641338 | K180: 23.396714 | L180: 23.864076 | M180: 30.56929 | N180: 17.12071 | O180: 213.95506 | P180: 160.45594 | T180: 2111 | U180: =T180=D180 -> TRUE
A181: St. Paul | B181: 2021 | C181: 44428 | D181: 2112 | E181: 1 | F181: RR5 | G181: 35 day | H181: 2nd | I181: 210353 | J181: 2.6616416 | K181: 22.421205 | L181: 23.0989 | M181: 28.635 | N181: 15.682435 | O181: 230.34409 | P181: 175.18866 | T181: 2112 | U181: =T181=D181 -> TRUE
A182: St. Paul | B182: 2021 | C182: 44440 | D182: 2201 | E182: 2 | F182: HX4 | G182: 45 day | H182: 2nd | I182: 210402 | J182: 3.0504624 | K182: 20.032812 | L182: 20.547156 | M182: 29.415156 | N182: 14.179932 | O182: 230.52114 | P182: 147.53638 | T182: 2201 | U182: =T182=D182 -> TRUE
A183: St. Paul | B183: 2021 | C183: 44440 | D183: 2202 | E183: 2 | F183: RR3 | G183: 45 day | H183: 2nd | I183: 210403 | J183: 4.7530175 | K183: 17.317036 | L183: 25.259234 | M183: 37.006882 | N183: 19.394364 | O183: 174.00423 | P183: 109.38933 | T183: 2202 | U183: =T183=D183 -> TRUE
A184: St. Paul | B184: 2021 | C184: 44440 | D184: 2203 | E184: 2 | F184: RR4 | G184: 45 day | H184: 2nd | I184: 210404 | J184: 2.9768504 | K184: 20.558508 | L184: 21.854826 | M184: 33.895977 | N184: 11.265186 | O184: 197.25217 | P184: 115.1942 | T184: 2203 | U184: =T184=D184 -> TRUE
A185: St. Paul | B185: 2021 | C185: 44440 | D185: 2204 | E185: 2 | F185: HX5 | G185: 45 day | H185: 2nd | I185: 210405 | J185: 3.5872467 | K185: 18.973668 | L185: 25.103484 | M185: 34.352136 | N185: 17.355828 | O185: 187.7799 | P185: 121.18589 | T185: 2204 | U185: =T185=D185 -> TRUE
A186: St. Paul | B186: 2021 | C186: 44440 | D186: 2205 | E186: 2 | F186: HX3 | G186: 45 day | H186: 2nd | I186: 210406 | J186: 3.6467444 | K186: 21.042747 | L186: 22.24179 | M186: 32.273478 | N186: 9.180459 | O186: 206.29985 | P186: 122.4906 | T186: 2205 | U186: =T186=D186 -> TRUE
... A577: St. Paul | B577: 2022 | C577: 44811 | D577: 2412 | E577: 4 | F577: HX5 | G577: 35 day | H577: 4th | I577: 220335 | J577: 1.934728 | K577: 22.613308 | L577: 21.124629 | M577: 27.097611 | N577: 10.091965 | O577: 248.69236 | P577: 167.44463 | T577: 2412 | U577: =T577=D577 -> TRUE
A578: Rosemount | B578: 2023 | D578: 1101 | E578: 1 | F578: RR4 | G578: 45 day | H578: 1st | J578: 0 | T578: 1101 | U578: =T578=D578 -> TRUE
A579: Rosemount | B579: 2023 | D579: 1102 | E579: 1 | F579: HX5 | G579: 45 day | H579: 1st | J579: 0 | T579: 1102 | U579: =T579=D579 -> TRUE
A580: Rosemount | B580: 2023 | D580: 1103 | E580: 1 | F580: HX4 | G580: 45 day | H580: 1st | J580: 0 | T580: 1103 | U580: =T580=D580 -> TRUE
A581: Rosemount | B581: 2023 | D581: 1104 | E581: 1 | F581: RR3 | G581: 45 day | H581: 1st | J581: 0 | T581: 1104 | U581: =T581=D581 -> TRUE
A582: Rosemount | B582: 2023 | D582: 1105 | E582: 1 | F582: RR5 | G582: 45 day | H582: 1st | J582: 0 | T582: 1105 | U582: =T582=D582 -> TRUE
A583: Rosemount | B583: 2023 | D583: 1106 | E583: 1 | F583: HX3 | G583: 45 day | H583: 1st | J583: 0 | T583: 1106 | U583: =T583=D583 -> TRUE
A584: Rosemount | B584: 2023 | D584: 1107 | E584: 2 | F584: HX5 | G584: 35 day | H584: 1st | J584: 0 | T584: 1107 | U584: =T584=D584 -> TRUE
A585: Rosemount | B585: 2023 | D585: 1108 | E585: 2 | F585: RR5 | G585: 35 day | H585: 1st | J585: 0 | T585: 1108 | U585: =T585=D585 -> TRUE
A586: Rosemount | B586: 2023 | D586: 1109 | E586: 2 | F586: HX3 | G586: 35 day | H586: 1st | J586: 0 | T586: 1109 | U586: =T586=D586 -> TRUE
A587: Rosemount | B587: 2023 | D587: 1110 | E587: 2 | F587: HX4 | G587: 35 day | H587: 1st | J587: 0 | T587: 1110 | U587: =T587=D587 -> TRUE
A588: Rosemount | B588: 2023 | D588: 1111 | E588: 2 | F588: RR3 | G588: 35 day | H588: 1st | J588: 0 | T588: 1111 | U588: =T588=D588 -> TRUE
A589: Rosemount | B589: 2023 | D589: 1112 | E589: 2 | F589: RR4 | G589: 35 day | H589: 1st | J589: 0 | T589: 1112 | U589: =T589=D589 -> TRUE
... A1003: St. Paul | B1003: 2023 | D1003: 2306 | E1003: 4 | F1003: RR4 | G1003: 35 day | H1003: 5th | J1003: 0 | T1003: 2306 | U1003: =T1003=D1003 -> TRUE
A1004: St. Paul | B1004: 2023 | D1004: 2407 | F1004: RR5 | G1004: 35 day | H1004: 5th | J1004: 0 | T1004: 2407 | U1004: =T1004=D1004 -> TRUE
A1005: St. Paul | B1005: 2023 | D1005: 2408 | F1005: RR3 | G1005: 35 day | H1005: 5th | J1005: 0 | T1005: 2408 | U1005: =T1005=D1005 -> TRUE
A1006: St. Paul | B1006: 2023 | D1006: 2409 | F1006: HX4 | G1006: 35 day | H1006: 5th | J1006: 0 | T1006: 2409 | U1006: =T1006=D1006 -> TRUE
A1007: St. Paul | B1007: 2023 | D1007: 2410 | F1007: HX5 | G1007: 35 day | H1007: 5th | J1007: 0 | T1007: 2410 | U1007: =T1007=D1007 -> TRUE
A1008: St. Paul | B1008: 2023 | D1008: 2411 | F1008: RR4 | G1008: 35 day | H1008: 5th | J1008: 0 | T1008: 2411 | U1008: =T1008=D1008 -> TRUE
A1009: St. Paul | B1009: 2023 | D1009: 2412 | F1009: HX3 | G1009: 35 day | H1009: 5th | J1009: 0 | T1009: 2412 | U1009: =T1009=D1009 -> TRUE
T1010: 1101 | U1010: =T1010=D1010 -> FALSE
T1011: 1102 | U1011: =T1011=D1011 -> FALSE
T1012: 1103 | U1012: =T1012=D1012 -> FALSE
T1013: 1104 | U1013: =T1013=D1013 -> FALSE
T1014: 1105 | U1014: =T1014=D1014 -> FALSE
T1015: 1106 | U1015: =T1015=D1015 -> FALSE
T1016: 1107 | U1016: =T1016=D1016 -> FALSE
T1017: 1108 | U1017: =T1017=D1017 -> FALSE
T1018: 1109 | U1018: =T1018=D1018 -> FALSE
T1019: 1110 | U1019: =T1019=D1019 -> FALSE
T1020: 1111 | U1020: =T1020=D1020 -> FALSE
T1021: 1112 | U1021: =T1021=D1021 -> FALSE
... T1441: 2412 | U1441: =T1441=D1441 -> FALSE

Sheet RIC
A1: location | B1: year | C1: plot | D1: rep | E1: var | F1: harv_trt | G1: STRI1_install | H1: STRI1_extract | I1: STRI1_mass | J1: STRI1_rate | K1: STRI1_c | L1: STRI1_n | M1: STRI2_install | N1: STRI2_extract | O1: STRI2_mass | P1: STRI2_rate | Q1: STRI2_c | R1: STRI2_n | S1: STRI3_install | T1: STRI3_extract | U1: STRI3_mass | V1: STRI3_rate | W1: STRI3_c | X1: STRI3_n | Y1: STRI4_install | Z1: STRI4_extract | AA1: STRI4_mass | AB1: STRI4_rate | AC1: STRI4_c | AD1: STRI4_n | AE1: STRI5_install | AF1: STRI5_extract | AG1: STRI5_mass | AH1: STRI5_rate | AI1: STRI5_c | AJ1: STRI5_n | AK1: LTRI1_install | AL1: LTRI1_extract | AM1: LTRI1_mass | AN1: LTRI1_rate | AO1: LTRI1_c | AP1: LTRI1_n | AQ1: LTRI2_install | AR1: LTRI2_extract | AS1: LTRI2_mass | AT1: LTRI2_rate | AU1: LTRI2_c | AV1: LTRI2_n | AW1: LTRI3_install | AX1: LTRI3_extract | AY1: LTRI3_mass | AZ1: LTRI3_rate | BA1: LTRI3_c | BB1: LTRI3_n | BC1: SS0_extract | BD1: SS0_mass | BE1: SS0_c | BF1: SS0_n | BG1: SS1_extract | BH1: SS1_mass | BI1: SS1_c | BJ1: SS1_n | BK1: SS2_extract | BL1: SS2_mass | BM1: SS2_c | BN1: SS2_n | BO1: SS3_extract | BP1: SS3_mass | BQ1: SS3_c | BR1: SS3_n | BS1: SS4_extract | BT1: SS4_mass | BU1: SS4_c | BV1: SS4_n | BW1: SS5_extract | BX1: SS5_mass | BY1: SS5_c | BZ1: SS5_n | CA1: GRP | CB1: D1.1 | CC1: D1.2 | CD1: D2.1 | CE1: D2.2 | CF1: D3.1 | CG1: DA | CH1: NSP | CI1: ave_rate
A2: Rosemount | B2: 2021 | C2: 1103 | D2: 1 | E2: HX5 | F2: 45 day | G2: 44349 | H2: 44393 | I2: 532 | J2: =I2/DAYS360(G2,H2) -> 12.090909 | K2: 26.581 | L2: 1.374 | M2: 44393 | N2: 44440 | O2: 18 | P2: =O2/DAYS360(M2,N2) -> 0.4 | Q2: 33.9 | R2: 3.266 | AK2: 44349 | AL2: 44440 | AM2: 195 | AN2: =AM2/DAYS360(AK2,AL2) -> 2.1910112 | AO2: 34.766 | AP2: 2.006 | AQ2: 44349 | AR2: 44502 | AS2: 62 | AT2: =AS2/DAYS360(AQ2,AR2) -> 0.41333333 | AU2: 38.354 | AV2: 2.394 | BG2: 44393 | BH2: 113 | BI2: 37.783 | BJ2: 2.728 | BK2: 44441 | BO2: 44502 | BP2: 101 | BQ2: 42.43 | BR2: 3.233 | BX2: 142 | BY2: 42.538 | BZ2: 2.496 | CA2: =I2+O2+U2+AA2+AG2 -> 550 | CB2: =AM2-(I2+O2) -> -355 | CC2: =AS2-(I2+O2+U2+AA2) -> -488 | CD2: =CC2-CB2 -> -133 | CE2: =AY2-(I2+O2+U2+AA2+AG2) -> -550 | CF2: =CE2-CD2 -> -417 | CG2: =CB2+CD2+CF2 -> -905 | CH2: =CA2+CG2 -> -355 | CI2: =AVERAGE(J2,P2,V2,AB2,AH2) -> 6.2454545
A3: Rosemount | B3: 2021 | C3: 1106 | D3: 1 | E3: HX3 | F3: 45 day | G3: 44349 | H3: 44393 | I3: 237 | J3: =I3/DAYS360(G3,H3) -> 5.3863636 | K3: 33.822 | L3: 2.459 | M3: 44393 | N3: 44440 | O3: 51 | P3: =O3/DAYS360(M3,N3) -> 1.1333333 | Q3: 34.083 | R3: 2.565 | AK3: 44349 | AL3: 44440 | AM3: 99 | AN3: =AM3/DAYS360(AK3,AL3) -> 1.1123596 | AO3: 37.072 | AP3: 3.119 | AQ3: 44349 | AR3: 44502 | AS3: 308 | AT3: =AS3/DAYS360(AQ3,AR3) -> 2.0533333 | AU3: 39.768 | AV3: 3.128 | BG3: 44393 | BH3: 104 | BI3: 34.564 | BJ3: 2.752 | BK3: 44441 | BO3: 44502 | BP3: 100 | BQ3: 39.237 | BR3: 3.1 | BX3: 145 | BY3: 41.423 | BZ3: 2.594 | CA3: =I3+O3+U3+AA3+AG3 -> 288 | CB3: =AM3-(I3+O3) -> -189 | CC3: =AS3-(I3+O3+U3+AA3) -> 20 | CD3: =CC3-CB3 -> 209 | CE3: =AY3-(I3+O3+U3+AA3+AG3) -> -288 | CF3: =CE3-CD3 -> -497 | CG3: =CB3+CD3+CF3 -> -477 | CH3: =CA3+CG3 -> -189 | CI3: =AVERAGE(J3,P3,V3,AB3,AH3) -> 3.2598485
A4: Rosemount | B4: 2021 | C4: 1108 | D4: 1 | E4: HX5 | F4: 35 day | G4: 44349 | H4: 44393 | I4: 420 | J4: =I4/DAYS360(G4,H4) -> 9.5454545 | K4: 32.959 | L4: 2.414 | M4: 44393 | N4: 44428 | O4: 55 | P4: =O4/DAYS360(M4,N4) -> 1.6176471 | Q4: 26.309 | R4: 1.516 | S4: 44428 | T4: 44487 | U4: 233 | V4: =U4/DAYS360(S4,T4) -> 4.0172414 | W4: 32.005 | X4: 2.195 | AK4: 44349 | AL4: 44428 | AM4: 153 | AN4: =AM4/DAYS360(AK4,AL4) -> 1.9615385 | AO4: 24.509 | AP4: 1.589 | AQ4: 44349 | AR4: 44502 | AS4: 122 | AT4: =AS4/DAYS360(AQ4,AR4) -> 0.81333333 | AU4: 37.547 | AV4: 1.937 | BG4: 44393 | BH4: 111 | BI4: 35.058 | BJ4: 2.345 | BK4: 44428 | BL4: 169 | BM4: 34.128 | BN4: 2.492 | BO4: 44487 | BS4: 44502 | BT4: 193 | BU4: 35.526 | BV4: 2.662 | BX4: 165 | BY4: 43.026 | BZ4: 3.239 | CA4: =I4+O4+U4+AA4+AG4 -> 708 | CB4: =AM4-(I4+O4) -> -322 | CC4: =AS4-(I4+O4+U4+AA4) -> -586 | CD4: =CC4-CB4 -> -264 | CE4: =AY4-(I4+O4+U4+AA4+AG4) -> -708 | CF4: =CE4-CD4 -> -444 | CG4: =CB4+CD4+CF4 -> -1030 | CH4: =CA4+CG4 -> -322 | CI4: =AVERAGE(J4,P4,V4,AB4,AH4) -> 5.0601143
A5: Rosemount | B5: 2021 | C5: 1112 | D5: 1 | E5: HX3 | F5: 35 day | G5: 44349 | H5: 44393 | I5: 122 | J5: =I5/DAYS360(G5,H5) -> 2.7727273 | K5: 28.111 | L5: 2.746 | M5: 44393 | N5: 44428 | O5: 41 | P5: =O5/DAYS360(M5,N5) -> 1.2058824 | Q5: 22.463 | R5: 1.617 | S5: 44428 | T5: 44487 | U5: 308 | V5: =U5/DAYS360(S5,T5) -> 5.3103448 | W5: 29.809 | X5: 2.384 | AK5: 44349 | AL5: 44428 | AM5: 162 | AN5: =AM5/DAYS360(AK5,AL5) -> 2.0769231 | AO5: 27.137 | AP5: 2.071 | AQ5: 44349 | AR5: 44502 | AS5: 130 | AT5: =AS5/DAYS360(AQ5,AR5) -> 0.86666667 | AU5: 40.5 | AV5: 2.595 | BG5: 44393 | BH5: 157 | BI5: 30.685 | BJ5: 2.526 | BK5: 44428 | BL5: 104 | BM5: 37.537 | BN5: 2.589 | BO5: 44487 | BS5: 44502 | BT5: 223 | BU5: 34.591 | BV5: 3.29 | BX5: 172 | BY5: 39.729 | BZ5: 3.964 | CA5: =I5+O5+U5+AA5+AG5 -> 471 | CB5: =AM5-(I5+O5) -> -1 | CC5: =AS5-(I5+O5+U5+AA5) -> -341 | CD5: =CC5-CB5 -> -340 | CE5: =AY5-(I5+O5+U5+AA5+AG5) -> -471 | CF5: =CE5-CD5 -> -131 | CG5: =CB5+CD5+CF5 -> -472 | CH5: =CA5+CG5 -> -1 | CI5: =AVERAGE(J5,P5,V5,AB5,AH5) -> 3.0963182
A6: Rosemount | B6: 2021 | C6: 1205 | D6: 2 | E6: HX5 | F6: 45 day | G6: 44349 | H6: 44393 | I6: 910 | J6: =I6/DAYS360(G6,H6) -> 20.681818 | K6: 26.925 | L6: 2.835 | M6: 44393 | N6: 44440 | O6: 64 | P6: =O6/DAYS360(M6,N6) -> 1.4222222 | Q6: 26.333 | R6: 2.049 | AK6: 44349 | AL6: 44440 | AM6: 209 | AN6: =AM6/DAYS360(AK6,AL6) -> 2.3483146 | AO6: 35.194 | AP6: 2.052 | AQ6: 44349 | AR6: 44502 | AS6: 304 | AT6: =AS6/DAYS360(AQ6,AR6) -> 2.0266667 | AU6: 40.45 | AV6: 2.155 | BG6: 44393 | BH6: 451 | BI6: 26.183 | BJ6: 2.172 | BK6: 44441 | BO6: 44502 | BP6: 257 | BQ6: 36.045 | BR6: 3.724 | BX6: 158 | BY6: 43.318 | BZ6: 2.426 | CA6: =I6+O6+U6+AA6+AG6 -> 974 | CB6: =AM6-(I6+O6) -> -765 | CC6: =AS6-(I6+O6+U6+AA6) -> -670 | CD6: =CC6-CB6 -> 95 | CE6: =AY6-(I6+O6+U6+AA6+AG6) -> -974 | CF6: =CE6-CD6 -> -1069 | CG6: =CB6+CD6+CF6 -> -1739 | CH6: =CA6+CG6 -> -765 | CI6: =AVERAGE(J6,P6,V6,AB6,AH6) -> 11.05202
A7: Rosemount | B7: 2021 | C7: 1206 | D7: 2 | E7: HX3 | F7: 45 day | G7: 44349 | H7: 44393 | I7: 110 | J7: =I7/DAYS360(G7,H7) -> 2.5 | K7: 31.148 | L7: 2.518 | M7: 44393 | N7: 44440 | O7: 64 | P7: =O7/DAYS360(M7,N7) -> 1.4222222 | Q7: 33.556 | R7: 2.354 | AK7: 44349 | AL7: 44440 | AM7: 71 | AN7: =AM7/DAYS360(AK7,AL7) -> 0.79775281 | AO7: 36.062 | AP7: 2.443 | AQ7: 44349 | AR7: 44502 | AS7: 68 | AT7: =AS7/DAYS360(AQ7,AR7) -> 0.45333333 | AU7: 36.679 | AV7: 3.23 | BG7: 44393 | BH7: 100 | BI7: 34.177 | BJ7: 4.817 | BK7: 44441 | BO7: 44502 | BP7: 189 | BQ7: 34.573 | BR7: 2.892 | BX7: 188 | BY7: 42.215 | BZ7: 2.27 | CA7: =I7+O7+U7+AA7+AG7 -> 174 | CB7: =AM7-(I7+O7) -> -103 | CC7: =AS7-(I7+O7+U7+AA7) -> -106 | CD7: =CC7-CB7 -> -3 | CE7: =AY7-(I7+O7+U7+AA7+AG7) -> -174 | CF7: =CE7-CD7 -> -171 | CG7: =CB7+CD7+CF7 -> -277 | CH7: =CA7+CG7 -> -103 | CI7: =AVERAGE(J7,P7,V7,AB7,AH7) -> 1.9611111
A8: Rosemount | B8: 2021 | C8: 1207 | D8: 2 | E8: HX5 | F8: 35 day | G8: 44349 | H8: 44393 | I8: 135 | J8: =I8/DAYS360(G8,H8) -> 3.0681818 | K8: 28.434 | L8: 2.561 | M8: 44393 | N8: 44428 | O8: 120 | P8: =O8/DAYS360(M8,N8) -> 3.5294118 | Q8: 32.929 | R8: 2.373 | S8: 44428 | T8: 44487 | U8: 288 | V8: =U8/DAYS360(S8,T8) -> 4.9655172 | W8: 30.103 | X8: 2.464 | AK8: 44349 | AL8: 44428 | AM8: 74 | AN8: =AM8/DAYS360(AK8,AL8) -> 0.94871795 | AO8: 25.928 | AP8: 1.85 | AQ8: 44349 | AR8: 44502 | AS8: 99 | AT8: =AS8/DAYS360(AQ8,AR8) -> 0.66 | AU8: 40.317 | AV8: 2.717 | BG8: 44393 | BH8: 235 | BI8: 29.958 | BJ8: 2.722 | BK8: 44428 | BL8: 71 | BM8: 35.907 | BN8: 2.722 | BO8: 44487 | BS8: 44502 | BT8: 307 | BU8: 34.216 | BV8: 2.672 | BX8: 196 | BY8: 39.505 | BZ8: 3.015 | CA8: =I8+O8+U8+AA8+AG8 -> 543 | CB8: =AM8-(I8+O8) -> -181 | CC8: =AS8-(I8+O8+U8+AA8) -> -444 | CD8: =CC8-CB8 -> -263 | CE8: =AY8-(I8+O8+U8+AA8+AG8) -> -543 | CF8: =CE8-CD8 -> -280 | CG8: =CB8+CD8+CF8 -> -724 | CH8: =CA8+CG8 -> -181 | CI8: =AVERAGE(J8,P8,V8,AB8,AH8) -> 3.8543703
A9: Rosemount | B9: 2021 | C9: 1209 | D9: 2 | E9: HX3 | F9: 35 day | G9: 44349 | H9: 44393 | I9: 782 | J9: =I9/DAYS360(G9,H9) -> 17.772727 | K9: 28.015 | L9: 1.861 | M9: 44393 | N9: 44428 | O9: 86 | P9: =O9/DAYS360(M9,N9) -> 2.5294118 | Q9: 27.875 | R9: 2.273 | S9: 44428 | T9: 44487 | U9: 158 | V9: =U9/DAYS360(S9,T9) -> 2.7241379 | W9: 34.318 | X9: 3.017 | AK9: 44349 | AL9: 44428 | AM9: 216 | AN9: =AM9/DAYS360(AK9,AL9) -> 2.7692308 | AO9: 35.66 | AP9: 2.05 | AQ9: 44349 | AR9: 44502 | AS9: 136 | AT9: =AS9/DAYS360(AQ9,AR9) -> 0.90666667 | BG9: 44393 | BH9: 135 | BI9: 30.317 | BJ9: 2.364 | BK9: 44428 | BL9: 223 | BM9: 30.77 | BN9: 2.562 | BO9: 44487 | BS9: 44502 | BT9: 379 | BU9: 33.655 | BV9: 2.678 | BX9: 174 | BY9: 40.677 | BZ9: 4.221 | CA9: =I9+O9+U9+AA9+AG9 -> 1026 | CB9: =AM9-(I9+O9) -> -652 | CC9: =AS9-(I9+O9+U9+AA9) -> -890 | CD9: =CC9-CB9 -> -238 | CE9: =AY9-(I9+O9+U9+AA9+AG9) -> -1026 | CF9: =CE9-CD9 -> -788 | CG9: =CB9+CD9+CF9 -> -1678 | CH9: =CA9+CG9 -> -652 | CI9: =AVERAGE(J9,P9,V9,AB9,AH9) -> 7.6754257
A10: Rosemount | B10: 2021 | C10: 1304 | D10: 3 | E10: HX3 | F10: 35 day | G10: 44349 | H10: 44393 | I10: 995 | J10: =I10/DAYS360(G10,H10) -> 22.613636 | K10: 26.372 | L10: 2.016 | M10: 44393 | N10: 44428 | O10: 117 | P10: =O10/DAYS360(M10,N10) -> 3.4411765 | Q10: 25.673 | R10: 1.983 | S10: 44428 | T10: 44487 | U10: 375 | V10: =U10/DAYS360(S10,T10) -> 6.4655172 | W10: 28.717 | X10: 1.837 | AK10: 44349 | AL10: 44428 | AM10: 195 | AN10: =AM10/DAYS360(AK10,AL10) -> 2.5 | AO10: 26.29 | AP10: 2.374 | AQ10: 44349 | AR10: 44502 | AS10: 198 | AT10: =AS10/DAYS360(AQ10,AR10) -> 1.32 | AU10: 37.127 | AV10: 2.58 | BG10: 44393 | BH10: 258 | BI10: 32.367 | BJ10: 3.13 | BK10: 44428 | BL10: 74 | BM10: 32.625 | BN10: 2.409 | BO10: 44487 | BS10: 44502 | BT10: 287 | BU10: 32.983 | BV10: 2.864 | BX10: 295 | BY10: 36.868 | BZ10: 3.301 | CA10: =I10+O10+U10+AA10+AG10 -> 1487 | CB10: =AM10-(I10+O10) -> -917 | CC10: =AS10-(I10+O10+U10+AA10) -> -1289 | CD10: =CC10-CB10 -> -372 | CE10: =AY10-(I10+O10+U10+AA10+AG10) -> -1487 | CF10: =CE10-CD10 -> -1115 | CG10: =CB10+CD10+CF10 -> -2404 | CH10: =CA10+CG10 -> -917 | CI10: =AVERAGE(J10,P10,V10,AB10,AH10) -> 10.84011
A11: Rosemount | B11: 2021 | C11: 1305 | D11: 3 | E11: HX5 | F11: 35 day | G11: 44349 | H11: 44393 | I11: 936 | J11: =I11/DAYS360(G11,H11) -> 21.272727 | K11: 21.941 | L11: 1.8 | M11: 44393 | N11: 44428 | O11: 133 | P11: =O11/DAYS360(M11,N11) -> 3.9117647 | Q11: 28.533 | R11: 2.395 | S11: 44428 | T11: 44487 | U11: 302 | V11: =U11/DAYS360(S11,T11) -> 5.2068966 | W11: 29.117 | X11: 2.292 | AK11: 44349 | AL11: 44428 | AM11: 210 | AN11: =AM11/DAYS360(AK11,AL11) -> 2.6923077 | AO11: 33.835 | AP11: 1.756 | AQ11: 44349 | AR11: 44502 | AS11: 602 | AT11: =AS11/DAYS360(AQ11,AR11) -> 4.0133333 | AU11: 37.748 | AV11: 2.316 | BG11: 44393 | BH11: 141 | BI11: 33.904 | BJ11: 3.784 | BK11: 44428 | BL11: 344 | BM11: 29.293 | BN11: 2.252 | BO11: 44487 | BS11: 44502 | BT11: 202 | BU11: 35.099 | BV11: 2.643 | BX11: 119 | BY11: 40.29 | BZ11: 3.14 | CA11: =I11+O11+U11+AA11+AG11 -> 1371 | CB11: =AM11-(I11+O11) -> -859 | CC11: =AS11-(I11+O11+U11+AA11) -> -769 | CD11: =CC11-CB11 -> 90 | CE11: =AY11-(I11+O11+U11+AA11+AG11) -> -1371 | CF11: =CE11-CD11 -> -1461 | CG11: =CB11+CD11+CF11 -> -2230 | CH11: =CA11+CG11 -> -859 | CI11: =AVERAGE(J11,P11,V11,AB11,AH11) -> 10.130463
A12: Rosemount | B12: 2021 | C12: 1309 | D12: 3 | E12: HX3 | F12: 45 day | G12: 44349 | H12: 44393 | I12: 765 | J12: =I12/DAYS360(G12,H12) -> 17.386364 | K12: 32.388 | L12: 2.43 | M12: 44393 | N12: 44440 | O12: 78 | P12: =O12/DAYS360(M12,N12) -> 1.7333333 | Q12: 23.991 | R12: 2.095 | AK12: 44349 | AL12: 44440 | AM12: 187 | AN12: =AM12/DAYS360(AK12,AL12) -> 2.1011236 | AO12: 33.651 | AP12: 1.973 | AQ12: 44349 | AR12: 44502 | AS12: 162 | AT12: =AS12/DAYS360(AQ12,AR12) -> 1.08 | AU12: 45.403 | AV12: 2.293 | BG12: 44393 | BH12: 187 | BI12: 32.343 | BJ12: 2.794 | BK12: 44441 | BO12: 44502 | BP12: 114 | BQ12: 40.475 | BR12: 2.94 | BX12: 217 | BY12: 40.463 | BZ12: 2.804 | CA12: =I12+O12+U12+AA12+AG12 -> 843 | CB12: =AM12-(I12+O12) -> -656 | CC12: =AS12-(I12+O12+U12+AA12) -> -681 | CD12: =CC12-CB12 -> -25 | CE12: =AY12-(I12+O12+U12+AA12+AG12) -> -843 | CF12: =CE12-CD12 -> -818 | CG12: =CB12+CD12+CF12 -> -1499 | CH12: =CA12+CG12 -> -656 | CI12: =AVERAGE(J12,P12,V12,AB12,AH12) -> 9.5598485
A13: Rosemount | B13: 2021 | C13: 1312 | D13: 3 | E13: HX5 | F13: 45 day | G13: 44349 | H13: 44393 | I13: 178 | J13: =I13/DAYS360(G13,H13) -> 4.0454545 | K13: 30.542 | L13: 1.701 | M13: 44393 | N13: 44440 | O13: 30 | P13: =O13/DAYS360(M13,N13) -> 0.66666667 | Q13: 31.185 | R13: 1.923 | AK13: 44349 | AL13: 44440 | AM13: 106 | AN13: =AM13/DAYS360(AK13,AL13) -> 1.1910112 | AO13: 33.789 | AP13: 1.993 | AQ13: 44349 | AR13: 44502 | AS13: 87 | AT13: =AS13/DAYS360(AQ13,AR13) -> 0.58 | AU13: 36.235 | AV13: 2.189 | BG13: 44393 | BH13: 908 | BI13: 19.755 | BJ13: 3.322 | BK13: 44441 | BO13: 44502 | BP13: 134 | BQ13: 38.471 | BR13: 2.777 | BX13: 226 | BY13: 40.552 | BZ13: 2.374 | CA13: =I13+O13+U13+AA13+AG13 -> 208 | CB13: =AM13-(I13+O13) -> -102 | CC13: =AS13-(I13+O13+U13+AA13) -> -121 | CD13: =CC13-CB13 -> -19 | CE13: =AY13-(I13+O13+U13+AA13+AG13) -> -208 | CF13: =CE13-CD13 -> -189 | CG13: =CB13+CD13+CF13 -> -310 | CH13: =CA13+CG13 -> -102 | CI13: =AVERAGE(J13,P13,V13,AB13,AH13) -> 2.3560606
A14: Rosemount | B14: 2021 | C14: 1402 | D14: 4 | E14: HX5 | F14: 45 day | G14: 44349 | H14: 44393 | I14: 432 | J14: =I14/DAYS360(G14,H14) -> 9.8181818 | K14: 35.048 | L14: 2.098 | M14: 44393 | N14: 44440 | O14: 37 | P14: =O14/DAYS360(M14,N14) -> 0.82222222 | Q14: 33.738 | R14: 2.434 | AK14: 44349 | AL14: 44440 | AM14: 190 | AN14: =AM14/DAYS360(AK14,AL14) -> 2.1348315 | AO14: 36.173 | AP14: 2.492 | AQ14: 44349 | AR14: 44502 | AS14: 184 | AT14: =AS14/DAYS360(AQ14,AR14) -> 1.2266667 | AU14: 38.081 | AV14: 2.07 | BG14: 44393 | BH14: 164 | BI14: 33.13 | BJ14: 2.033 | BK14: 44441 | BO14: 44502 | BP14: 138 | BQ14: 37.06 | BR14: 2.857 | BX14: 299 | BY14: 41.92 | BZ14: 2.371 | CA14: =I14+O14+U14+AA14+AG14 -> 469 | CB14: =AM14-(I14+O14) -> -279 | CC14: =AS14-(I14+O14+U14+AA14) -> -285 | CD14: =CC14-CB14 -> -6 | CE14: =AY14-(I14+O14+U14+AA14+AG14) -> -469 | CF14: =CE14-CD14 -> -463 | CG14: =CB14+CD14+CF14 -> -748 | CH14: =CA14+CG14 -> -279 | CI14: =AVERAGE(J14,P14,V14,AB14,AH14) -> 5.320202
A15: Rosemount | B15: 2021 | C15: 1405 | D15: 4 | E15: HX3 | F15: 45 day | G15: 44349 | H15: 44393 | I15: 338 | J15: =I15/DAYS360(G15,H15) -> 7.6818182 | K15: 34.549 | L15: 3.812 | M15: 44393 | N15: 44440 | O15: 39 | P15: =O15/DAYS360(M15,N15) -> 0.86666667 | Q15: 34.368 | R15: 2.484 | AK15: 44349 | AL15: 44440 | AM15: 224 | AN15: =AM15/DAYS360(AK15,AL15) -> 2.5168539 | AO15: 36.082 | AP15: 1.965 | AQ15: 44349 | AR15: 44502 | AS15: 283 | AT15: =AS15/DAYS360(AQ15,AR15) -> 1.8866667 | AU15: 37.939 | AV15: 1.807 | BG15: 44393 | BH15: 184 | BI15: 34.783 | BJ15: 2.736 | BK15: 44441 | BO15: 44502 | BP15: 230 | BQ15: 36.75 | BR15: 2.213 | BX15: 192 | BY15: 42.607 | BZ15: 3.325 | CA15: =I15+O15+U15+AA15+AG15 -> 377 | CB15: =AM15-(I15+O15) -> -153 | CC15: =AS15-(I15+O15+U15+AA15) -> -94 | CD15: =CC15-CB15 -> 59 | CE15: =AY15-(I15+O15+U15+AA15+AG15) -> -377 | CF15: =CE15-CD15 -> -436 | CG15: =CB15+CD15+CF15 -> -530 | CH15: =CA15+CG15 -> -153 | CI15: =AVERAGE(J15,P15,V15,AB15,AH15) -> 4.2742424
A16: Rosemount | B16: 2021 | C16: 1410 | D16: 4 | E16: HX3 | F16: 35 day | G16: 44349 | H16: 44393 | I16: 405 | J16: =I16/DAYS360(G16,H16) -> 9.2045455 | K16: 28.445 | L16: 1.869 | M16: 44393 | N16: 44428 | P16: =O16/DAYS360(M16,N16) -> 0 | Q16: 33.884 | R16: 2.493 | S16: 44428 | T16: 44487 | U16: 108 | V16: =U16/DAYS360(S16,T16) -> 1.862069 | W16: 31.866 | X16: 2.747 | AK16: 44349 | AL16: 44428 | AM16: 436 | AN16: =AM16/DAYS360(AK16,AL16) -> 5.5897436 | AO16: 22.528 | AP16: 1.438 | AQ16: 44349 | AR16: 44502 | AS16: 276 | AT16: =AS16/DAYS360(AQ16,AR16) -> 1.84 | AU16: 36.45 | AV16: 1.751 | BG16: 44393 | BH16: 342 | BI16: 29.967 | BJ16: 2.728 | BK16: 44428 | BL16: 163 | BM16: 30.087 | BN16: 1.932 | BO16: 44487 | BS16: 44502 | BT16: 423 | BU16: 34.11 | BV16: 2.791 | BX16: 248 | BY16: 40.143 | BZ16: 2.69 | CA16: =I16+O16+U16+AA16+AG16 -> 513 | CB16: =AM16-(I16+O16) -> 31 | CC16: =AS16-(I16+O16+U16+AA16) -> -237 | CD16: =CC16-CB16 -> -268 | CE16: =AY16-(I16+O16+U16+AA16+AG16) -> -513 | CF16: =CE16-CD16 -> -245 | CG16: =CB16+CD16+CF16 -> -482 | CH16: =CA16+CG16 -> 31 | CI16: =AVERAGE(J16,P16,V16,AB16,AH16) -> 3.6888715
A17: Rosemount | B17: 2021 | C17: 1412 | D17: 4 | E17: HX5 | F17: 35 day | G17: 44349 | H17: 44393 | I17: 136 | J17: =I17/DAYS360(G17,H17) -> 3.0909091 | K17: 32.113 | L17: 2.345 | M17: 44393 | N17: 44428 | O17: 37 | P17: =O17/DAYS360(M17,N17) -> 1.0882353 | Q17: 31.509 | R17: 1.787 | S17: 44428 | T17: 44487 | U17: 277 | V17: =U17/DAYS360(S17,T17) -> 4.7758621 | W17: 29.514 | X17: 1.83 | AK17: 44349 | AL17: 44428 | AM17: 544 | AN17: =AM17/DAYS360(AK17,AL17) -> 6.974359 | AO17: 29.108 | AP17: 1.58 | AQ17: 44349 | AR17: 44502 | AS17: 62 | AT17: =AS17/DAYS360(AQ17,AR17) -> 0.41333333 | AU17: 38.087 | AV17: 3.036 | BG17: 44393 | BH17: 191 | BI17: 32.975 | BJ17: 2.666 | BK17: 44428 | BL17: 229 | BM17: 34.299 | BN17: 2.314 | BO17: 44487 | BS17: 44502 | BT17: 216 | BU17: 35.288 | BV17: 3.509 | BX17: 202 | BY17: 40.43 | BZ17: 2.992 | CA17: =I17+O17+U17+AA17+AG17 -> 450 | CB17: =AM17-(I17+O17) -> 371 | CC17: =AS17-(I17+O17+U17+AA17) -> -388 | CD17: =CC17-CB17 -> -759 | CE17: =AY17-(I17+O17+U17+AA17+AG17) -> -450 | CF17: =CE17-CD17 -> 309 | CG17: =CB17+CD17+CF17 -> -79 | CH17: =CA17+CG17 -> 371 | CI17: =AVERAGE(J17,P17,V17,AB17,AH17) -> 2.9850022
A18: St. Paul | B18: 2021 | C18: 2101 | D18: 1 | E18: HX3 | F18: 45 day | G18: 44349 | H18: 44393 | I18: 37 | J18: =I18/DAYS360(G18,H18) -> 0.84090909 | K18: 37.897 | L18: 2.213 | M18: 44393 | N18: 44440 | O18: 187 | P18: =O18/DAYS360(M18,N18) -> 4.1555556 | Q18: 34.355 | R18: 2.492 | AK18: 44349 | AL18: 44440 | AM18: 315 | AN18: =AM18/DAYS360(AK18,AL18) -> 3.5393258 | AO18: 37.522 | AP18: 1.9 | AQ18: 44349 | AR18: 44502 | AS18: 133 | AT18: =AS18/DAYS360(AQ18,AR18) -> 0.88666667 | AU18: 35.16 | AV18: 2.975 | BG18: 44393 | BH18: 154 | BI18: 31.488 | BJ18: 3.017 | BK18: 44441 | BO18: 44502 | BP18: 102 | BQ18: 36.21 | BR18: 2.716 | BX18: 381 | BY18: 37.328 | BZ18: 2.385 | CA18: =I18+O18+U18+AA18+AG18 -> 224 | CB18: =AM18-(I18+O18) -> 91 | CC18: =AS18-(I18+O18+U18+AA18) -> -91 | CD18: =CC18-CB18 -> -182 | CE18: =AY18-(I18+O18+U18+AA18+AG18) -> -224 | CF18: =CE18-CD18 -> -42 | CG18: =CB18+CD18+CF18 -> -133 | CH18: =CA18+CG18 -> 91 | CI18: =AVERAGE(J18,P18,V18,AB18,AH18) -> 2.4982323
A19: St. Paul | B19: 2021 | C19: 2104 | D19: 1 | E19: HX5 | F19: 45 day | G19: 44349 | H19: 44393 | I19: 83 | J19: =I19/DAYS360(G19,H19) -> 1.8863636 | K19: 32.904 | L19: 3.545 | M19: 44393 | N19: 44440 | O19: 156 | P19: =O19/DAYS360(M19,N19) -> 3.4666667 | Q19: 34.582 | R19: 2.764 | AK19: 44349 | AL19: 44440 | AM19: 40 | AN19: =AM19/DAYS360(AK19,AL19) -> 0.4494382 | AO19: 35.582 | AP19: 2.223 | AQ19: 44349 | AR19: 44502 | AS19: 83 | AT19: =AS19/DAYS360(AQ19,AR19) -> 0.55333333 | AU19: 33.808 | AV19: 2.887 | BG19: 44393 | BH19: 72 | BI19: 30.96 | BJ19: 4.673 | BK19: 44441 | BO19: 44502 | BP19: 116 | BQ19: 38.396 | BR19: 2.991 | BX19: 183 | BY19: 38.353 | BZ19: 2.957 | CA19: =I19+O19+U19+AA19+AG19 -> 239 | CB19: =AM19-(I19+O19) -> -199 | CC19: =AS19-(I19+O19+U19+AA19) -> -156 | CD19: =CC19-CB19 -> 43 | CE19: =AY19-(I19+O19+U19+AA19+AG19) -> -239 | CF19: =CE19-CD19 -> -282 | CG19: =CB19+CD19+CF19 -> -438 | CH19: =CA19+CG19 -> -199 | CI19: =AVERAGE(J19,P19,V19,AB19,AH19) -> 2.6765152
A20: St. Paul | B20: 2021 | C20: 2108 | D20: 1 | E20: HX3 | F20: 35 day | G20: 44349 | H20: 44393 | I20: 50 | J20: =I20/DAYS360(G20,H20) -> 1.1363636 | K20: 39.244 | L20: 2.674 | M20: 44393 | N20: 44428 | O20: 451 | P20: =O20/DAYS360(M20,N20) -> 13.264706 | Q20: 28.34 | R20: 2.188 | S20: 44428 | T20: 44487 | U20: 186 | V20: =U20/DAYS360(S20,T20) -> 3.2068966 | W20: 34.792 | X20: 1.962 | AK20: 44349 | AL20: 44428 | AM20: 69 | AN20: =AM20/DAYS360(AK20,AL20) -> 0.88461538 | AO20: 35.262 | AP20: 2.369 | AQ20: 44349 | AR20: 44502 | AS20: 131 | AT20: =AS20/DAYS360(AQ20,AR20) -> 0.87333333 | AU20: 33.573 | AV20: 2.213 | BG20: 44393 | BH20: 114 | BI20: 32.223 | BJ20: 2.552 | BK20: 44428 | BL20: 152 | BM20: 22.105 | BN20: 2.4 | BO20: 44487 | BS20: 44502 | BT20: 253 | BU20: 34.705 | BV20: 2.556 | BX20: 221 | BY20: 37.024 | BZ20: 2.847 | CA20: =I20+O20+U20+AA20+AG20 -> 687 | CB20: =AM20-(I20+O20) -> -432 | CC20: =AS20-(I20+O20+U20+AA20) -> -556 | CD20: =CC20-CB20 -> -124 | CE20: =AY20-(I20+O20+U20+AA20+AG20) -> -687 | CF20: =CE20-CD20 -> -563 | CG20: =CB20+CD20+CF20 -> -1119 | CH20: =CA20+CG20 -> -432 | CI20: =AVERAGE(J20,P20,V20,AB20,AH20) -> 5.869322
A21: St. Paul | B21: 2021 | C21: 2110 | D21: 1 | E21: HX5 | F21: 35 day | G21: 44349 | H21: 44393 | I21: 155 | J21: =I21/DAYS360(G21,H21) -> 3.5227273 | K21: 29.247 | L21: 2.606 | M21: 44393 | N21: 44428 | O21: 185 | P21: =O21/DAYS360(M21,N21) -> 5.4411765 | Q21: 32.973 | R21: 2.254 | S21: 44428 | T21: 44487 | U21: 170 | V21: =U21/DAYS360(S21,T21) -> 2.9310345 | W21: 34.906 | X21: 2.007 | AK21: 44349 | AL21: 44428 | AM21: 186 | AN21: =AM21/DAYS360(AK21,AL21) -> 2.3846154 | AO21: 34.058 | AP21: 2.26 | AQ21: 44349 | AR21: 44502 | AS21: 98 | AT21: =AS21/DAYS360(AQ21,AR21) -> 0.65333333 | AU21: 32.601 | AV21: 2.41 | BG21: 44393 | BH21: 67 | BI21: 30.434 | BJ21: 2.436 | BK21: 44428 | BL21: 97 | BM21: 34.621 | BN21: 2.472 | BO21: 44487 | BS21: 44502 | BT21: 214 | BU21: 32.244 | BV21: 3.312 | BX21: 170 | BY21: 38.61 | BZ21: 2.818 | CA21: =I21+O21+U21+AA21+AG21 -> 510 | CB21: =AM21-(I21+O21) -> -154 | CC21: =AS21-(I21+O21+U21+AA21) -> -412 | CD21: =CC21-CB21 -> -258 | CE21: =AY21-(I21+O21+U21+AA21+AG21) -> -510 | CF21: =CE21-CD21 -> -252 | CG21: =CB21+CD21+CF21 -> -664 | CH21: =CA21+CG21 -> -154 | CI21: =AVERAGE(J21,P21,V21,AB21,AH21) -> 3.9649794
A22: St. Paul | B22: 2021 | C22: 2204 | D22: 2 | E22: HX5 | F22: 45 day | G22: 44349 | H22: 44393 | I22: 73 | J22: =I22/DAYS360(G22,H22) -> 1.6590909 | K22: 32.538 | L22: 2.555 | M22: 44393 | N22: 44440 | O22: 111 | P22: =O22/DAYS360(M22,N22) -> 2.4666667 | Q22: 35.331 | R22: 2.336 | AK22: 44349 | AL22: 44440 | AM22: 63 | AN22: =AM22/DAYS360(AK22,AL22) -> 0.70786517 | AO22: 37.159 | AP22: 2.515 | AQ22: 44349 | AR22: 44502 | AS22: 56 | AT22: =AS22/DAYS360(AQ22,AR22) -> 0.37333333 | AU22: 36.99 | AV22: 2.576 | BG22: 44393 | BH22: 126 | BI22: 30.814 | BJ22: 2.824 | BK22: 44441 | BO22: 44502 | BP22: 163 | BQ22: 40.74 | BR22: 3.077 | BX22: 95 | BY22: 38.854 | BZ22: 2.201 | CA22: =I22+O22+U22+AA22+AG22 -> 184 | CB22: =AM22-(I22+O22) -> -121 | CC22: =AS22-(I22+O22+U22+AA22) -> -128 | CD22: =CC22-CB22 -> -7 | CE22: =AY22-(I22+O22+U22+AA22+AG22) -> -184 | CF22: =CE22-CD22 -> -177 | CG22: =CB22+CD22+CF22 -> -305 | CH22: =CA22+CG22 -> -121 | CI22: =AVERAGE(J22,P22,V22,AB22,AH22) -> 2.0628788
A23: St. Paul | B23: 2021 | C23: 2205 | D23: 2 | E23: HX3 | F23: 45 day | G23: 44349 | H23: 44393 | I23: 138 | J23: =I23/DAYS360(G23,H23) -> 3.1363636 | K23: 38.694 | L23: 2.68 | M23: 44393 | N23: 44440 | O23: 168 | P23: =O23/DAYS360(M23,N23) -> 3.7333333 | Q23: 35.09 | R23: 2.394 | AK23: 44349 | AL23: 44440 | AM23: 250 | AN23: =AM23/DAYS360(AK23,AL23) -> 2.8089888 | AO23: 43.997 | AP23: 10.039 | AQ23: 44349 | AR23: 44502 | AS23: 635 | AT23: =AS23/DAYS360(AQ23,AR23) -> 4.2333333 | AU23: 42.572 | AV23: 3.558 | BG23: 44393 | BH23: 216 | BI23: 30.948 | BJ23: 2.62 | BK23: 44441 | BO23: 44502 | BP23: 151 | BQ23: 39.354 | BR23: 2.981 | BX23: 109 | BY23: 37.587 | BZ23: 1.859 | CA23: =I23+O23+U23+AA23+AG23 -> 306 | CB23: =AM23-(I23+O23) -> -56 | CC23: =AS23-(I23+O23+U23+AA23) -> 329 | CD23: =CC23-CB23 -> 385 | CE23: =AY23-(I23+O23+U23+AA23+AG23) -> -306 | CF23: =CE23-CD23 -> -691 | CG23: =CB23+CD23+CF23 -> -362 | CH23: =CA23+CG23 -> -56 | CI23: =AVERAGE(J23,P23,V23,AB23,AH23) -> 3.4348485
A24: St. Paul | B24: 2021 | C24: 2208 | D24: 2 | E24: HX5 | F24: 35 day | G24: 44349 | H24: 44393 | I24: 92 | J24: =I24/DAYS360(G24,H24) -> 2.0909091 | K24: 35.263 | L24: 2.698 | M24: 44393 | N24: 44428 | O24: 230 | P24: =O24/DAYS360(M24,N24) -> 6.7647059 | Q24: 35.656 | R24: 2.416 | S24: 44428 | T24: 44487 | U24: 168 | V24: =U24/DAYS360(S24,T24) -> 2.8965517 | W24: 36.288 | X24: 2.609 | AK24: 44349 | AL24: 44428 | AM24: 105 | AN24: =AM24/DAYS360(AK24,AL24) -> 1.3461538 | AO24: 36.189 | AP24: 2.638 | AQ24: 44349 | AR24: 44502 | AS24: 108 | AT24: =AS24/DAYS360(AQ24,AR24) -> 0.72 | AU24: 37.362 | AV24: 2.744 | BG24: 44393 | BH24: 93 | BI24: 36.534 | BJ24: 2.602 | BK24: 44428 | BL24: 228 | BM24: 35.679 | BN24: 2.663 | BO24: 44487 | BS24: 44502 | BT24: 133 | BU24: 37.588 | BV24: 2.94 | BX24: 190 | BY24: 36.959 | BZ24: 3.453 | CA24: =I24+O24+U24+AA24+AG24 -> 490 | CB24: =AM24-(I24+O24) -> -217 | CC24: =AS24-(I24+O24+U24+AA24) -> -382 | CD24: =CC24-CB24 -> -165 | CE24: =AY24-(I24+O24+U24+AA24+AG24) -> -490 | CF24: =CE24-CD24 -> -325 | CG24: =CB24+CD24+CF24 -> -707 | CH24: =CA24+CG24 -> -217 | CI24: =AVERAGE(J24,P24,V24,AB24,AH24) -> 3.9173889
A25: St. Paul | B25: 2021 | C25: 2212 | D25: 2 | E25: HX3 | F25: 35 day | G25: 44349 | H25: 44393 | I25: 48 | J25: =I25/DAYS360(G25,H25) -> 1.0909091 | K25: 35.798 | L25: 3.092 | M25: 44393 | N25: 44428 | O25: 312 | P25: =O25/DAYS360(M25,N25) -> 9.1764706 | Q25: 29.102 | R25: 2.509 | S25: 44428 | T25: 44487 | U25: 510 | V25: =U25/DAYS360(S25,T25) -> 8.7931034 | W25: 30.767 | X25: 2.819 | AK25: 44349 | AL25: 44428 | AM25: 147 | AN25: =AM25/DAYS360(AK25,AL25) -> 1.8846154 | AO25: 34.406 | AP25: 2.276 | AQ25: 44349 | AR25: 44502 | AS25: 224 | AT25: =AS25/DAYS360(AQ25,AR25) -> 1.4933333 | AU25: 35.468 | AV25: 2.722 | BG25: 44393 | BH25: 184 | BI25: 30.892 | BJ25: 2.573 | BK25: 44428 | BL25: 227 | BM25: 33.62 | BN25: 2.684 | BO25: 44487 | BS25: 44502 | BT25: 207 | BU25: 34.147 | BV25: 3.216 | BX25: 270 | BY25: 38.361 | BZ25: 3.812 | CA25: =I25+O25+U25+AA25+AG25 -> 870 | CB25: =AM25-(I25+O25) -> -213 | CC25: =AS25-(I25+O25+U25+AA25) -> -646 | CD25: =CC25-CB25 -> -433 | CE25: =AY25-(I25+O25+U25+AA25+AG25) -> -870 | CF25: =CE25-CD25 -> -437 | CG25: =CB25+CD25+CF25 -> -1083 | CH25: =CA25+CG25 -> -213 | CI25: =AVERAGE(J25,P25,V25,AB25,AH25) -> 6.3534944
A26: St. Paul | B26: 2021 | C26: 2302 | D26: 3 | E26: HX5 | F26: 35 day | G26: 44349 | H26: 44393 | I26: 80 | J26: =I26/DAYS360(G26,H26) -> 1.8181818 | K26: 40.11 | L26: 2.891 | M26: 44393 | N26: 44428 | O26: 117 | P26: =O26/DAYS360(M26,N26) -> 3.4411765 | Q26: 28.739 | R26: 2.764 | S26: 44428 | T26: 44487 | U26: 141 | V26: =U26/DAYS360(S26,T26) -> 2.4310345 | W26: 36.439 | X26: 2.792 | AK26: 44349 | AL26: 44428 | AM26: 162 | AN26: =AM26/DAYS360(AK26,AL26) -> 2.0769231 | AO26: 34.238 | AP26: 1.655 | AQ26: 44349 | AR26: 44502 | AS26: 97 | AT26: =AS26/DAYS360(AQ26,AR26) -> 0.64666667 | AU26: 40.02 | AV26: 3.178 | BG26: 44393 | BH26: 129 | BI26: 30.248 | BJ26: 3.109 | BK26: 44428 | BL26: 92 | BM26: 29.233 | BN26: 2.068 | BO26: 44487 | BS26: 44502 | BT26: 207 | BU26: 34.351 | BV26: 3.066 | BX26: 151 | BY26: 37.429 | BZ26: 2.743 | CA26: =I26+O26+U26+AA26+AG26 -> 338 | CB26: =AM26-(I26+O26) -> -35 | CC26: =AS26-(I26+O26+U26+AA26) -> -241 | CD26: =CC26-CB26 -> -206 | CE26: =AY26-(I26+O26+U26+AA26+AG26) -> -338 | CF26: =CE26-CD26 -> -132 | CG26: =CB26+CD26+CF26 -> -373 | CH26: =CA26+CG26 -> -35 | CI26: =AVERAGE(J26,P26,V26,AB26,AH26) -> 2.5634643
A27: St. Paul | B27: 2021 | C27: 2303 | D27: 3 | E27: HX3 | F27: 35 day | G27: 44349 | H27: 44393 | I27: 78 | J27: =I27/DAYS360(G27,H27) -> 1.7727273 | K27: 38.647 | L27: 2.473 | M27: 44393 | N27: 44428 | O27: 173 | P27: =O27/DAYS360(M27,N27) -> 5.0882353 | Q27: 30.267 | R27: 2.778 | S27: 44428 | T27: 44487 | U27: 331 | V27: =U27/DAYS360(S27,T27) -> 5.7068966 | W27: 34.686 | X27: 2.407 | AK27: 44349 | AL27: 44428 | AM27: 156 | AN27: =AM27/DAYS360(AK27,AL27) -> 2 | AO27: 34.362 | AP27: 2.621 | AQ27: 44349 | AR27: 44502 | AS27: 229 | AT27: =AS27/DAYS360(AQ27,AR27) -> 1.5266667 | AU27: 43.144 | AV27: 3.283 | BG27: 44393 | BH27: 71 | BI27: 25.438 | BJ27: 3.942 | BK27: 44428 | BL27: 167 | BM27: 31.367 | BN27: 2.69 | BO27: 44487 | BS27: 44502 | BT27: 252 | BU27: 36.342 | BV27: 2.811 | BX27: 144 | BY27: 39.801 | BZ27: 3.238 | CA27: =I27+O27+U27+AA27+AG27 -> 582 | CB27: =AM27-(I27+O27) -> -95 | CC27: =AS27-(I27+O27+U27+AA27) -> -353 | CD27: =CC27-CB27 -> -258 | CE27: =AY27-(I27+O27+U27+AA27+AG27) -> -582 | CF27: =CE27-CD27 -> -324 | CG27: =CB27+CD27+CF27 -> -677 | CH27: =CA27+CG27 -> -95 | CI27: =AVERAGE(J27,P27,V27,AB27,AH27) -> 4.1892864
A28: St. Paul | B28: 2021 | C28: 2309 | D28: 3 | E28: HX3 | F28: 45 day | G28: 44349 | H28: 44393 | I28: 253 | J28: =I28/DAYS360(G28,H28) -> 5.75 | K28: 33.383 | L28: 2.609 | M28: 44393 | N28: 44440 | O28: 188 | P28: =O28/DAYS360(M28,N28) -> 4.1777778 | Q28: 36.356 | R28: 1.769 | AK28: 44349 | AL28: 44440 | AM28: 87 | AN28: =AM28/DAYS360(AK28,AL28) -> 0.97752809 | AO28: 37.255 | AP28: 2.499 | AQ28: 44349 | AR28: 44502 | AS28: 116 | AT28: =AS28/DAYS360(AQ28,AR28) -> 0.77333333 | AU28: 35.5 | AV28: 2.903 | BG28: 44393 | BH28: 275 | BI28: 30.854 | BJ28: 2.716 | BK28: 44441 | BO28: 44502 | BP28: 68 | BQ28: 37.739 | BR28: 2.949 | BX28: 127 | BY28: 36.287 | BZ28: 2.042 | CA28: =I28+O28+U28+AA28+AG28 -> 441 | CB28: =AM28-(I28+O28) -> -354 | CC28: =AS28-(I28+O28+U28+AA28) -> -325 | CD28: =CC28-CB28 -> 29 | CE28: =AY28-(I28+O28+U28+AA28+AG28) -> -441 | CF28: =CE28-CD28 -> -470 | CG28: =CB28+CD28+CF28 -> -795 | CH28: =CA28+CG28 -> -354 | CI28: =AVERAGE(J28,P28,V28,AB28,AH28) -> 4.9638889
A29: St. Paul | B29: 2021 | C29: 2312 | D29: 3 | E29: HX5 | F29: 45 day | G29: 44349 | H29: 44393 | I29: 65 | J29: =I29/DAYS360(G29,H29) -> 1.4772727 | K29: 37.971 | L29: 2.851 | M29: 44393 | N29: 44440 | O29: 130 | P29: =O29/DAYS360(M29,N29) -> 2.8888889 | Q29: 36.753 | R29: 2.491 | AK29: 44349 | AL29: 44440 | AM29: 102 | AN29: =AM29/DAYS360(AK29,AL29) -> 1.1460674 | AO29: 39.373 | AP29: 2.547 | AQ29: 44349 | AR29: 44502 | AS29: 153 | AT29: =AS29/DAYS360(AQ29,AR29) -> 1.02 | AU29: 38.535 | AV29: 2.541 | BG29: 44393 | BH29: 119 | BI29: 34.3 | BJ29: 2.631 | BK29: 44441 | BO29: 44502 | BP29: 125 | BQ29: 34.883 | BR29: 2.619 | BX29: 160 | BY29: 38.863 | BZ29: 2.121 | CA29: =I29+O29+U29+AA29+AG29 -> 195 | CB29: =AM29-(I29+O29) -> -93 | CC29: =AS29-(I29+O29+U29+AA29) -> -42 | CD29: =CC29-CB29 -> 51 | CE29: =AY29-(I29+O29+U29+AA29+AG29) -> -195 | CF29: =CE29-CD29 -> -246 | CG29: =CB29+CD29+CF29 -> -288 | CH29: =CA29+CG29 -> -93 | CI29: =AVERAGE(J29,P29,V29,AB29,AH29) -> 2.1830808
A30: St. Paul | B30: 2021 | C30: 2404 | D30: 4 | E30: HX5 | F30: 45 day | G30: 44349 | H30: 44393 | I30: 84 | J30: =I30/DAYS360(G30,H30) -> 1.9090909 | K30: 34.583 | L30: 3.081 | M30: 44393 | N30: 44440 | O30: 194 | P30: =O30/DAYS360(M30,N30) -> 4.3111111 | Q30: 35.308 | R30: 2.495 | AK30: 44349 | AL30: 44440 | AM30: 74 | AN30: =AM30/DAYS360(AK30,AL30) -> 0.83146067 | AO30: 36.455 | AP30: 2.444 | AQ30: 44349 | AR30: 44502 | AS30: 169 | AT30: =AS30/DAYS360(AQ30,AR30) -> 1.1266667 | AU30: 37.643 | AV30: 2.722 | BG30: 44393 | BH30: 73 | BI30: 28.084 | BJ30: 5.516 | BK30: 44441 | BO30: 44502 | BP30: 84 | BQ30: 37.709 | BR30: 2.619 | BX30: 116 | BY30: 38.105 | BZ30: 2.143 | CA30: =I30+O30+U30+AA30+AG30 -> 278 | CB30: =AM30-(I30+O30) -> -204 | CC30: =AS30-(I30+O30+U30+AA30) -> -109 | CD30: =CC30-CB30 -> 95 | CE30: =AY30-(I30+O30+U30+AA30+AG30) -> -278 | CF30: =CE30-CD30 -> -373 | CG30: =CB30+CD30+CF30 -> -482 | CH30: =CA30+CG30 -> -204 | CI30: =AVERAGE(J30,P30,V30,AB30,AH30) -> 3.110101
A31: St. Paul | B31: 2021 | C31: 2406 | D31: 4 | E31: HX3 | F31: 45 day | G31: 44349 | H31: 44393 | I31: 59 | J31: =I31/DAYS360(G31,H31) -> 1.3409091 | K31: 38.924 | L31: 2.833 | M31: 44393 | N31: 44440 | O31: 202 | P31: =O31/DAYS360(M31,N31) -> 4.4888889 | Q31: 34.293 | R31: 2.33 | AK31: 44349 | AL31: 44440 | AM31: 67 | AN31: =AM31/DAYS360(AK31,AL31) -> 0.75280899 | AO31: 38.02 | AP31: 2.403 | AQ31: 44349 | AR31: 44502 | AS31: 334 | AT31: =AS31/DAYS360(AQ31,AR31) -> 2.2266667 | AU31: 39.333 | AV31: 2.887 | BG31: 44393 | BK31: 44441 | BO31: 44502 | BP31: 126 | BQ31: 37.55 | BR31: 2.691 | BX31: 273 | BY31: 37.355 | BZ31: 2.096 | CA31: =I31+O31+U31+AA31+AG31 -> 261 | CB31: =AM31-(I31+O31) -> -194 | CC31: =AS31-(I31+O31+U31+AA31) -> 73 | CD31: =CC31-CB31 -> 267 | CE31: =AY31-(I31+O31+U31+AA31+AG31) -> -261 | CF31: =CE31-CD31 -> -528 | CG31: =CB31+CD31+CF31 -> -455 | CH31: =CA31+CG31 -> -194 | CI31: =AVERAGE(J31,P31,V31,AB31,AH31) -> 2.914899
A32: St. Paul | B32: 2021 | C32: 2407 | D32: 4 | E32: HX3 | F32: 35 day | G32: 44349 | H32: 44393 | I32: 179 | J32: =I32/DAYS360(G32,H32) -> 4.0681818 | K32: 31.702 | L32: 2.511 | M32: 44393 | N32: 44428 | O32: 119 | P32: =O32/DAYS360(M32,N32) -> 3.5 | Q32: 33.022 | R32: 2.241 | S32: 44428 | T32: 44487 | U32: 331 | V32: =U32/DAYS360(S32,T32) -> 5.7068966 | W32: 30.247 | X32: 2.214 | AK32: 44349 | AL32: 44428 | AM32: 87 | AN32: =AM32/DAYS360(AK32,AL32) -> 1.1153846 | AO32: 24.447 | AP32: 2.166 | AQ32: 44349 | AR32: 44502 | AS32: 108 | AT32: =AS32/DAYS360(AQ32,AR32) -> 0.72 | AU32: 39.839 | AV32: 1.914 | BG32: 44393 | BH32: 107 | BI32: 29.738 | BJ32: 2.662 | BK32: 44428 | BL32: 47 | BM32: 35.178 | BN32: 2.207 | BO32: 44487 | BS32: 44502 | BT32: 203 | BU32: 34.172 | BV32: 2.844 | BX32: 179 | BY32: 35.084 | BZ32: 3.487 | CA32: =I32+O32+U32+AA32+AG32 -> 629 | CB32: =AM32-(I32+O32) -> -211 | CC32: =AS32-(I32+O32+U32+AA32) -> -521 | CD32: =CC32-CB32 -> -310 | CE32: =AY32-(I32+O32+U32+AA32+AG32) -> -629 | CF32: =CE32-CD32 -> -319 | CG32: =CB32+CD32+CF32 -> -840 | CH32: =CA32+CG32 -> -211 | CI32: =AVERAGE(J32,P32,V32,AB32,AH32) -> 4.4250261
A33: St. Paul | B33: 2021 | C33: 2412 | D33: 4 | E33: HX5 | F33: 35 day | G33: 44349 | H33: 44393 | I33: 83 | J33: =I33/DAYS360(G33,H33) -> 1.8863636 | K33: 38.735 | L33: 2.521 | M33: 44393 | N33: 44428 | O33: 108 | P33: =O33/DAYS360(M33,N33) -> 3.1764706 | Q33: 23.054 | R33: 2.447 | S33: 44428 | T33: 44487 | U33: 402 | V33: =U33/DAYS360(S33,T33) -> 6.9310345 | W33: 27.235 | X33: 2.045 | AK33: 44349 | AL33: 44428 | AM33: 164 | AN33: =AM33/DAYS360(AK33,AL33) -> 2.1025641 | AO33: 37.478 | AP33: 2.111 | AQ33: 44349 | AR33: 44502 | AS33: 183 | AT33: =AS33/DAYS360(AQ33,AR33) -> 1.22 | AU33: 37.077 | AV33: 2.436 | BG33: 44393 | BH33: 142 | BI33: 31.226 | BJ33: 2.421 | BK33: 44428 | BL33: 41 | BM33: 29.643 | BN33: 2.651 | BO33: 44487 | BS33: 44502 | BT33: 314 | BU33: 30.905 | BV33: 2.213 | BX33: 188 | BY33: 38.703 | BZ33: 2.832 | CA33: =I33+O33+U33+AA33+AG33 -> 593 | CB33: =AM33-(I33+O33) -> -27 | CC33: =AS33-(I33+O33+U33+AA33) -> -410 | CD33: =CC33-CB33 -> -383 | CE33: =AY33-(I33+O33+U33+AA33+AG33) -> -593 | CF33: =CE33-CD33 -> -210 | CG33: =CB33+CD33+CF33 -> -620 | CH33: =CA33+CG33 -> -27 | CI33: =AVERAGE(J33,P33,V33,AB33,AH33) -> 3.9979562
A34: Rosemount | B34: 2022 | C34: 1103 | D34: 1 | E34: HX5 | F34: 45 day | G34: 44678 | H34: 44705 | I34: 30 | J34: =I34/DAYS360(G34,H34) -> 1.1111111 | M34: 44705 | N34: 44754 | O34: 162 | P34: =O34/DAYS360(M34,N34) -> 3.375 | S34: 44754 | T34: 44795 | U34: 183 | V34: =U34/DAYS360(S34,T34) -> 4.575 | Y34: 44795 | Z34: 44869 | AA34: 36 | AB34: =AA34/DAYS360(Y34,Z34) -> 0.5 | AK34: 44678 | AL34: 44754 | AM34: 256 | AN34: =AM34/DAYS360(AK34,AL34) -> 3.4133333 | AQ34: 44678 | AR34: 44869 | AS34: 27 | AT34: =AS34/DAYS360(AQ34,AR34) -> 0.14438503 | AW34: 44678 | AX34: 44869 | AY34: 32 | AZ34: =AY34/DAYS360(AW34,AX34) -> 0.17112299 | BC34: 44678 | BD34: 162 | BG34: 44705 | BH34: 108 | BK34: 44754 | BL34: 193 | BO34: 44795 | BP34: 299 | BS34: 44869 | BT34: 72 | CA34: =I34+O34+U34+AA34+AG34 -> 411 | CB34: =AM34-(I34+O34) -> 64 | CC34: =AS34-(I34+O34+U34+AA34) -> -384 | CD34: =CC34-CB34 -> -448 | CE34: =AY34-(I34+O34+U34+AA34+AG34) -> -379 | CF34: =CE34-CD34 -> 69 | CG34: =CB34+CD34+CF34 -> -315 | CH34: =CA34+CG34 -> 96 | CI34: =AVERAGE(J34,P34,V34,AB34,AH34) -> 2.3902778
A35: Rosemount | B35: 2022 | C35: 1106 | D35: 1 | E35: HX3 | F35: 45 day | G35: 44678 | H35: 44705 | I35: 45 | J35: =I35/DAYS360(G35,H35) -> 1.6666667 | M35: 44705 | N35: 44754 | O35: 9 | P35: =O35/DAYS360(M35,N35) -> 0.1875 | S35: 44754 | T35: 44795 | U35: 201 | V35: =U35/DAYS360(S35,T35) -> 5.025 | Y35: 44795 | Z35: 44869 | AA35: 93 | AB35: =AA35/DAYS360(Y35,Z35) -> 1.2916667 | AK35: 44678 | AL35: 44754 | AM35: 184 | AN35: =AM35/DAYS360(AK35,AL35) -> 2.4533333 | AQ35: 44678 | AR35: 44869 | AS35: 167 | AT35: =AS35/DAYS360(AQ35,AR35) -> 0.89304813 | AW35: 44678 | AX35: 44869 | AY35: 787 | AZ35: =AY35/DAYS360(AW35,AX35) -> 4.2085561 | BC35: 44678 | BD35: 202 | BG35: 44705 | BH35: 198 | BK35: 44754 | BL35: 493 | BO35: 44795 | BP35: 552 | BS35: 44869 | BT35: 150 | CA35: =I35+O35+U35+AA35+AG35 -> 348 | CB35: =AM35-(I35+O35) -> 130 | CC35: =AS35-(I35+O35+U35+AA35) -> -181 | CD35: =CC35-CB35 -> -311 | CE35: =AY35-(I35+O35+U35+AA35+AG35) -> 439 | CF35: =CE35-CD35 -> 750 | CG35: =CB35+CD35+CF35 -> 569 | CH35: =CA35+CG35 -> 917 | CI35: =AVERAGE(J35,P35,V35,AB35,AH35) -> 2.0427083
A36: Rosemount | B36: 2022 | C36: 1108 | D36: 1 | E36: HX5 | F36: 35 day | G36: 44678 | H36: 44705 | I36: 36 | J36: =I36/DAYS360(G36,H36) -> 1.3333333 | M36: 44705 | N36: 44741 | O36: 27 | P36: =O36/DAYS360(M36,N36) -> 0.77142857 | S36: 44741 | T36: 44775 | U36: 25 | V36: =U36/DAYS360(S36,T36) -> 0.75757576 | Y36: 44775 | Z36: 44811 | AA36: 24 | AB36: =AA36/DAYS360(Y36,Z36) -> 0.68571429 | AE36: 44811 | AF36: 44869 | AK36: 44678 | AL36: 44741 | AM36: 49 | AN36: =AM36/DAYS360(AK36,AL36) -> 0.79032258 | AQ36: 44678 | AR36: 44811 | AS36: 258 | AT36: =AS36/DAYS360(AQ36,AR36) -> 1.9846154 | AW36: 44678 | AX36: 44869 | AY36: 26 | AZ36: =AY36/DAYS360(AW36,AX36) -> 0.13903743 | BC36: 44678 | BD36: 144 | BG36: 44705 | BH36: 131 | BK36: 44741 | BL36: 273 | BO36: 44775 | BP36: 186 | BS36: 44811 | BT36: 370 | BW36: 44869 | BX36: 138 | CA36: =I36+O36+U36+AA36+AG36 -> 112 | CB36: =AM36-(I36+O36) -> -14 | CC36: =AS36-(I36+O36+U36+AA36) -> 146 | CD36: =CC36-CB36 -> 160 | CE36: =AY36-(I36+O36+U36+AA36+AG36) -> -86 | CF36: =CE36-CD36 -> -246 | CG36: =CB36+CD36+CF36 -> -100 | CH36: =CA36+CG36 -> 12 | CI36: =AVERAGE(J36,P36,V36,AB36,AH36) -> 0.88701299
A37: Rosemount | B37: 2022 | C37: 1112 | D37: 1 | E37: HX3 | F37: 35 day | G37: 44678 | H37: 44705 | I37: 26 | J37: =I37/DAYS360(G37,H37) -> 0.96296296 | M37: 44705 | N37: 44741 | O37: 10 | P37: =O37/DAYS360(M37,N37) -> 0.28571429 | S37: 44741 | T37: 44775 | U37: 123 | V37: =U37/DAYS360(S37,T37) -> 3.7272727 | Y37: 44775 | Z37: 44811 | AA37: 97 | AB37: =AA37/DAYS360(Y37,Z37) -> 2.7714286 | AE37: 44811 | AF37: 44869 | AG37: 4 | AH37: =AG37/DAYS360(AE37,AF37) -> 0.070175439 | AK37: 44678 | AL37: 44741 | AM37: 28 | AN37: =AM37/DAYS360(AK37,AL37) -> 0.4516129 | AQ37: 44678 | AR37: 44811 | AS37: 29 | AT37: =AS37/DAYS360(AQ37,AR37) -> 0.22307692 | AW37: 44678 | AX37: 44869 | AY37: 74 | AZ37: =AY37/DAYS360(AW37,AX37) -> 0.39572193 | BC37: 44678 | BD37: 187 | BG37: 44705 | BH37: 105 | BK37: 44741 | BL37: 281 | BO37: 44775 | BP37: 258 | BS37: 44811 | BT37: 328 | BW37: 44869 | BX37: 285 | CA37: =I37+O37+U37+AA37+AG37 -> 260 | CB37: =AM37-(I37+O37) -> -8 | CC37: =AS37-(I37+O37+U37+AA37) -> -227 | CD37: =CC37-CB37 -> -219 | CE37: =AY37-(I37+O37+U37+AA37+AG37) -> -186 | CF37: =CE37-CD37 -> 33 | CG37: =CB37+CD37+CF37 -> -194 | CH37: =CA37+CG37 -> 66 | CI37: =AVERAGE(J37,P37,V37,AB37,AH37) -> 1.5635108
A38: Rosemount | B38: 2022 | C38: 1205 | D38: 2 | E38: HX5 | F38: 45 day | G38: 44678 | H38: 44705 | I38: 34 | J38: =I38/DAYS360(G38,H38) -> 1.2592593 | M38: 44705 | N38: 44754 | O38: 57 | P38: =O38/DAYS360(M38,N38) -> 1.1875 | S38: 44754 | T38: 44795 | U38: 161 | V38: =U38/DAYS360(S38,T38) -> 4.025 | Y38: 44795 | Z38: 44869 | AA38: 17 | AB38: =AA38/DAYS360(Y38,Z38) -> 0.23611111 | AK38: 44678 | AL38: 44754 | AM38: 148 | AN38: =AM38/DAYS360(AK38,AL38) -> 1.9733333 | AQ38: 44678 | AR38: 44869 | AS38: 10 | AT38: =AS38/DAYS360(AQ38,AR38) -> 0.053475936 | AW38: 44678 | AX38: 44869 | AY38: 127 | AZ38: =AY38/DAYS360(AW38,AX38) -> 0.67914439 | BC38: 44678 | BD38: 178 | BG38: 44705 | BH38: 154 | BK38: 44754 | BL38: 306 | BO38: 44795 | BP38: 155 | BS38: 44869 | BT38: 147 | CA38: =I38+O38+U38+AA38+AG38 -> 269 | CB38: =AM38-(I38+O38) -> 57 | CC38: =AS38-(I38+O38+U38+AA38) -> -259 | CD38: =CC38-CB38 -> -316 | CE38: =AY38-(I38+O38+U38+AA38+AG38) -> -142 | CF38: =CE38-CD38 -> 174 | CG38: =CB38+CD38+CF38 -> -85 | CH38: =CA38+CG38 -> 184 | CI38: =AVERAGE(J38,P38,V38,AB38,AH38) -> 1.6769676
A39: Rosemount | B39: 2022 | C39: 1206 | D39: 2 | E39: HX3 | F39: 45 day | G39: 44678 | H39: 44705 | I39: 91 | J39: =I39/DAYS360(G39,H39) -> 3.3703704 | M39: 44705 | N39: 44754 | O39: 183 | P39: =O39/DAYS360(M39,N39) -> 3.8125 | S39: 44754 | T39: 44795 | U39: 442 | V39: =U39/DAYS360(S39,T39) -> 11.05 | Y39: 44795 | Z39: 44869 | AA39: 48 | AB39: =AA39/DAYS360(Y39,Z39) -> 0.66666667 | AK39: 44678 | AL39: 44754 | AM39: 83 | AN39: =AM39/DAYS360(AK39,AL39) -> 1.1066667 | AQ39: 44678 | AR39: 44869 | AS39: 96 | AT39: =AS39/DAYS360(AQ39,AR39) -> 0.51336898 | AW39: 44678 | AX39: 44869 | AY39: 64 | AZ39: =AY39/DAYS360(AW39,AX39) -> 0.34224599 | BC39: 44678 | BD39: 170 | BG39: 44705 | BH39: 193 | BK39: 44754 | BL39: 247 | BO39: 44795 | BP39: 198 | BS39: 44869 | BT39: 182 | CA39: =I39+O39+U39+AA39+AG39 -> 764 | CB39: =AM39-(I39+O39) -> -191 | CC39: =AS39-(I39+O39+U39+AA39) -> -668 | CD39: =CC39-CB39 -> -477 | CE39: =AY39-(I39+O39+U39+AA39+AG39) -> -700 | CF39: =CE39-CD39 -> -223 | CG39: =CB39+CD39+CF39 -> -891 | CH39: =CA39+CG39 -> -127 | CI39: =AVERAGE(J39,P39,V39,AB39,AH39) -> 4.7248843
A40: Rosemount | B40: 2022 | C40: 1207 | D40: 2 | E40: HX5 | F40: 35 day | G40: 44678 | H40: 44705 | I40: 26 | J40: =I40/DAYS360(G40,H40) -> 0.96296296 | M40: 44705 | N40: 44741 | O40: 28 | P40: =O40/DAYS360(M40,N40) -> 0.8 | S40: 44741 | T40: 44775 | U40: 74 | V40: =U40/DAYS360(S40,T40) -> 2.2424242 | Y40: 44775 | Z40: 44811 | AA40: 64 | AB40: =AA40/DAYS360(Y40,Z40) -> 1.8285714 | AE40: 44811 | AF40: 44869 | AG40: 44 | AH40: =AG40/DAYS360(AE40,AF40) -> 0.77192982 | AK40: 44678 | AL40: 44741 | AM40: 68 | AN40: =AM40/DAYS360(AK40,AL40) -> 1.0967742 | AQ40: 44678 | AR40: 44811 | AS40: 207 | AT40: =AS40/DAYS360(AQ40,AR40) -> 1.5923077 | AW40: 44678 | AX40: 44869 | AY40: 690 | AZ40: =AY40/DAYS360(AW40,AX40) -> 3.6898396 | BC40: 44678 | BD40: 149 | BG40: 44705 | BH40: 88 | BK40: 44741 | BL40: 137 | BO40: 44775 | BP40: 218 | BS40: 44811 | BT40: 198 | BW40: 44869 | BX40: 212 | CA40: =I40+O40+U40+AA40+AG40 -> 236 | CB40: =AM40-(I40+O40) -> 14 | CC40: =AS40-(I40+O40+U40+AA40) -> 15 | CD40: =CC40-CB40 -> 1 | CE40: =AY40-(I40+O40+U40+AA40+AG40) -> 454 | CF40: =CE40-CD40 -> 453 | CG40: =CB40+CD40+CF40 -> 468 | CH40: =CA40+CG40 -> 704 | CI40: =AVERAGE(J40,P40,V40,AB40,AH40) -> 1.3211777
A41: Rosemount | B41: 2022 | C41: 1209 | D41: 2 | E41: HX3 | F41: 35 day | G41: 44678 | H41: 44705 | I41: 12 | J41: =I41/DAYS360(G41,H41) -> 0.44444444 | M41: 44705 | N41: 44741 | O41: 44 | P41: =O41/DAYS360(M41,N41) -> 1.2571429 | S41: 44741 | T41: 44775 | U41: 35 | V41: =U41/DAYS360(S41,T41) -> 1.0606061 | Y41: 44775 | Z41: 44811 | AA41: 41 | AB41: =AA41/DAYS360(Y41,Z41) -> 1.1714286 | AE41: 44811 | AF41: 44869 | AG41: 18 | AH41: =AG41/DAYS360(AE41,AF41) -> 0.31578947 | AK41: 44678 | AL41: 44741 | AM41: 645 | AN41: =AM41/DAYS360(AK41,AL41) -> 10.403226 | AQ41: 44678 | AR41: 44811 | AS41: 115 | AT41: =AS41/DAYS360(AQ41,AR41) -> 0.88461538 | AW41: 44678 | AX41: 44869 | AY41: 214 | AZ41: =AY41/DAYS360(AW41,AX41) -> 1.144385 | BC41: 44678 | BD41: 165 | BG41: 44705 | BH41: 113 | BK41: 44741 | BL41: 374 | BO41: 44775 | BP41: 206 | BS41: 44811 | BT41: 574 | BW41: 44869 | BX41: 333 | CA41: =I41+O41+U41+AA41+AG41 -> 150 | CB41: =AM41-(I41+O41) -> 589 | CC41: =AS41-(I41+O41+U41+AA41) -> -17 | CD41: =CC41-CB41 -> -606 | CE41: =AY41-(I41+O41+U41+AA41+AG41) -> 64 | CF41: =CE41-CD41 -> 670 | CG41: =CB41+CD41+CF41 -> 653 | CH41: =CA41+CG41 -> 803 | CI41: =AVERAGE(J41,P41,V41,AB41,AH41) -> 0.84988228
A42: Rosemount | B42: 2022 | C42: 1304 | D42: 3 | E42: HX3 | F42: 35 day | G42: 44678 | H42: 44705 | I42: 24 | J42: =I42/DAYS360(G42,H42) -> 0.88888889 | M42: 44705 | N42: 44741 | O42: 23 | P42: =O42/DAYS360(M42,N42) -> 0.65714286 | S42: 44741 | T42: 44775 | U42: 42 | V42: =U42/DAYS360(S42,T42) -> 1.2727273 | Y42: 44775 | Z42: 44811 | AA42: 52 | AB42: =AA42/DAYS360(Y42,Z42) -> 1.4857143 | AE42: 44811 | AF42: 44869 | AG42: 23 | AH42: =AG42/DAYS360(AE42,AF42) -> 0.40350877 | AK42: 44678 | AL42: 44741 | AM42: 110 | AN42: =AM42/DAYS360(AK42,AL42) -> 1.7741935 | AQ42: 44678 | AR42: 44811 | AS42: 61 | AT42: =AS42/DAYS360(AQ42,AR42) -> 0.46923077 | AW42: 44678 | AX42: 44869 | AY42: 106 | AZ42: =AY42/DAYS360(AW42,AX42) -> 0.56684492 | BC42: 44678 | BD42: 237 | BG42: 44705 | BH42: 148 | BK42: 44741 | BL42: 294 | BO42: 44775 | BP42: 368 | BS42: 44811 | BT42: 178 | BW42: 44869 | BX42: 338 | CA42: =I42+O42+U42+AA42+AG42 -> 164 | CB42: =AM42-(I42+O42) -> 63 | CC42: =AS42-(I42+O42+U42+AA42) -> -80 | CD42: =CC42-CB42 -> -143 | CE42: =AY42-(I42+O42+U42+AA42+AG42) -> -58 | CF42: =CE42-CD42 -> 85 | CG42: =CB42+CD42+CF42 -> 5 | CH42: =CA42+CG42 -> 169 | CI42: =AVERAGE(J42,P42,V42,AB42,AH42) -> 0.94159642
A43: Rosemount | B43: 2022 | C43: 1305 | D43: 3 | E43: HX5 | F43: 35 day | G43: 44678 | H43: 44705 | I43: 77 | J43: =I43/DAYS360(G43,H43) -> 2.8518519 | M43: 44705 | N43: 44741 | O43: 9 | P43: =O43/DAYS360(M43,N43) -> 0.25714286 | S43: 44741 | T43: 44775 | U43: 48 | V43: =U43/DAYS360(S43,T43) -> 1.4545455 | Y43: 44775 | Z43: 44811 | AA43: 29 | AB43: =AA43/DAYS360(Y43,Z43) -> 0.82857143 | AE43: 44811 | AF43: 44869 | AG43: 34 | AH43: =AG43/DAYS360(AE43,AF43) -> 0.59649123 | AK43: 44678 | AL43: 44741 | AM43: 75 | AN43: =AM43/DAYS360(AK43,AL43) -> 1.2096774 | AQ43: 44678 | AR43: 44811 | AS43: 107 | AT43: =AS43/DAYS360(AQ43,AR43) -> 0.82307692 | AW43: 44678 | AX43: 44869 | AY43: 37 | AZ43: =AY43/DAYS360(AW43,AX43) -> 0.19786096 | BC43: 44678 | BD43: 128 | BG43: 44705 | BH43: 115 | BK43: 44741 | BL43: 239 | BO43: 44775 | BP43: 341 | BS43: 44811 | BT43: 232 | BW43: 44869 | BX43: 176 | CA43: =I43+O43+U43+AA43+AG43 -> 197 | CB43: =AM43-(I43+O43) -> -11 | CC43: =AS43-(I43+O43+U43+AA43) -> -56 | CD43: =CC43-CB43 -> -45 | CE43: =AY43-(I43+O43+U43+AA43+AG43) -> -160 | CF43: =CE43-CD43 -> -115 | CG43: =CB43+CD43+CF43 -> -171 | CH43: =CA43+CG43 -> 26 | CI43: =AVERAGE(J43,P43,V43,AB43,AH43) -> 1.1977206
A44: Rosemount | B44: 2022 | C44: 1309 | D44: 3 | E44: HX3 | F44: 45 day | G44: 44678 | H44: 44705 | I44: 43 | J44: =I44/DAYS360(G44,H44) -> 1.5925926 | M44: 44705 | N44: 44754 | O44: 153 | P44: =O44/DAYS360(M44,N44) -> 3.1875 | S44: 44754 | T44: 44795 | U44: 167 | V44: =U44/DAYS360(S44,T44) -> 4.175 | Y44: 44795 | Z44: 44869 | AA44: 46 | AB44: =AA44/DAYS360(Y44,Z44) -> 0.63888889 | AK44: 44678 | AL44: 44754 | AM44: 96 | AN44: =AM44/DAYS360(AK44,AL44) -> 1.28 | AQ44: 44678 | AR44: 44869 | AS44: 18 | AT44: =AS44/DAYS360(AQ44,AR44) -> 0.096256684 | AW44: 44678 | AX44: 44869 | AY44: 85 | AZ44: =AY44/DAYS360(AW44,AX44) -> 0.45454545 | BC44: 44678 | BD44: 200 | BG44: 44705 | BH44: 155 | BK44: 44754 | BL44: 867 | BO44: 44795 | BP44: 139 | BS44: 44869 | BT44: 127 | CA44: =I44+O44+U44+AA44+AG44 -> 409 | CB44: =AM44-(I44+O44) -> -100 | CC44: =AS44-(I44+O44+U44+AA44) -> -391 | CD44: =CC44-CB44 -> -291 | CE44: =AY44-(I44+O44+U44+AA44+AG44) -> -324 | CF44: =CE44-CD44 -> -33 | CG44: =CB44+CD44+CF44 -> -424 | CH44: =CA44+CG44 -> -15 | CI44: =AVERAGE(J44,P44,V44,AB44,AH44) -> 2.3984954
A45: Rosemount | B45: 2022 | C45: 1312 | D45: 3 | E45: HX5 | F45: 45 day | G45: 44678 | H45: 44705 | I45: 7 | J45: =I45/DAYS360(G45,H45) -> 0.25925926 | M45: 44705 | N45: 44754 | O45: 8 | P45: =O45/DAYS360(M45,N45) -> 0.16666667 | S45: 44754 | T45: 44795 | U45: 15 | V45: =U45/DAYS360(S45,T45) -> 0.375 | Y45: 44795 | Z45: 44869 | AA45: 35 | AB45: =AA45/DAYS360(Y45,Z45) -> 0.48611111 | AK45: 44678 | AL45: 44754 | AM45: 171 | AN45: =AM45/DAYS360(AK45,AL45) -> 2.28 | AQ45: 44678 | AR45: 44869 | AS45: 212 | AT45: =AS45/DAYS360(AQ45,AR45) -> 1.1336898 | AW45: 44678 | AX45: 44869 | AY45: 16 | AZ45: =AY45/DAYS360(AW45,AX45) -> 0.085561497 | BC45: 44678 | BD45: 203 | BG45: 44705 | BH45: 95 | BK45: 44754 | BL45: 317 | BO45: 44795 | BP45: 189 | BS45: 44869 | BT45: 89 | CA45: =I45+O45+U45+AA45+AG45 -> 65 | CB45: =AM45-(I45+O45) -> 156 | CC45: =AS45-(I45+O45+U45+AA45) -> 147 | CD45: =CC45-CB45 -> -9 | CE45: =AY45-(I45+O45+U45+AA45+AG45) -> -49 | CF45: =CE45-CD45 -> -40 | CG45: =CB45+CD45+CF45 -> 107 | CH45: =CA45+CG45 -> 172 | CI45: =AVERAGE(J45,P45,V45,AB45,AH45) -> 0.32175926
A46: Rosemount | B46: 2022 | C46: 1402 | D46: 4 | E46: HX5 | F46: 45 day | G46: 44678 | H46: 44705 | I46: 98 | J46: =I46/DAYS360(G46,H46) -> 3.6296296 | M46: 44705 | N46: 44754 | O46: 135 | P46: =O46/DAYS360(M46,N46) -> 2.8125 | S46: 44754 | T46: 44795 | U46: 257 | V46: =U46/DAYS360(S46,T46) -> 6.425 | Y46: 44795 | Z46: 44869 | AA46: 27 | AB46: =AA46/DAYS360(Y46,Z46) -> 0.375 | AK46: 44678 | AL46: 44754 | AM46: 109 | AN46: =AM46/DAYS360(AK46,AL46) -> 1.4533333 | AQ46: 44678 | AR46: 44869 | AS46: 799 | AT46: =AS46/DAYS360(AQ46,AR46) -> 4.2727273 | AW46: 44678 | AX46: 44869 | AY46: 143 | AZ46: =AY46/DAYS360(AW46,AX46) -> 0.76470588 | BC46: 44678 | BD46: 230 | BG46: 44705 | BH46: 146 | BK46: 44754 | BL46: 202 | BO46: 44795 | BP46: 357 | BS46: 44869 | BT46: 185 | CA46: =I46+O46+U46+AA46+AG46 -> 517 | CB46: =AM46-(I46+O46) -> -124 | CC46: =AS46-(I46+O46+U46+AA46) -> 282 | CD46: =CC46-CB46 -> 406 | CE46: =AY46-(I46+O46+U46+AA46+AG46) -> -374 | CF46: =CE46-CD46 -> -780 | CG46: =CB46+CD46+CF46 -> -498 | CH46: =CA46+CG46 -> 19 | CI46: =AVERAGE(J46,P46,V46,AB46,AH46) -> 3.3105324
A47: Rosemount | B47: 2022 | C47: 1405 | D47: 4 | E47: HX3 | F47: 45 day | G47: 44678 | H47: 44705 | I47: 58 | J47: =I47/DAYS360(G47,H47) -> 2.1481481 | M47: 44705 | N47: 44754 | O47: 224 | P47: =O47/DAYS360(M47,N47) -> 4.6666667 | S47: 44754 | T47: 44795 | U47: 289 | V47: =U47/DAYS360(S47,T47) -> 7.225 | Y47: 44795 | Z47: 44869 | AA47: 29 | AB47: =AA47/DAYS360(Y47,Z47) -> 0.40277778 | AK47: 44678 | AL47: 44754 | AM47: 351 | AN47: =AM47/DAYS360(AK47,AL47) -> 4.68 | AQ47: 44678 | AR47: 44869 | AS47: 186 | AT47: =AS47/DAYS360(AQ47,AR47) -> 0.99465241 | AW47: 44678 | AX47: 44869 | AY47: 216 | AZ47: =AY47/DAYS360(AW47,AX47) -> 1.1550802 | BC47: 44678 | BD47: 273 | BG47: 44705 | BH47: 147 | BK47: 44754 | BL47: 368 | BO47: 44795 | BP47: 249 | BS47: 44869 | BT47: 267 | CA47: =I47+O47+U47+AA47+AG47 -> 600 | CB47: =AM47-(I47+O47) -> 69 | CC47: =AS47-(I47+O47+U47+AA47) -> -414 | CD47: =CC47-CB47 -> -483 | CE47: =AY47-(I47+O47+U47+AA47+AG47) -> -384 | CF47: =CE47-CD47 -> 99 | CG47: =CB47+CD47+CF47 -> -315 | CH47: =CA47+CG47 -> 285 | CI47: =AVERAGE(J47,P47,V47,AB47,AH47) -> 3.6106481
A48: Rosemount | B48: 2022 | C48: 1410 | D48: 4 | E48: HX3 | F48: 35 day | G48: 44678 | H48: 44705 | I48: 26 | J48: =I48/DAYS360(G48,H48) -> 0.96296296 | M48: 44705 | N48: 44741 | O48: 21 | P48: =O48/DAYS360(M48,N48) -> 0.6 | S48: 44741 | T48: 44775 | U48: 41 | V48: =U48/DAYS360(S48,T48) -> 1.2424242 | Y48: 44775 | Z48: 44811 | AA48: 22 | AB48: =AA48/DAYS360(Y48,Z48) -> 0.62857143 | AE48: 44811 | AF48: 44869 | AG48: 31 | AH48: =AG48/DAYS360(AE48,AF48) -> 0.54385965 | AK48: 44678 | AL48: 44741 | AM48: 56 | AN48: =AM48/DAYS360(AK48,AL48) -> 0.90322581 | AQ48: 44678 | AR48: 44811 | AS48: 140 | AT48: =AS48/DAYS360(AQ48,AR48) -> 1.0769231 | AW48: 44678 | AX48: 44869 | AY48: 24 | AZ48: =AY48/DAYS360(AW48,AX48) -> 0.12834225 | BC48: 44678 | BD48: 238 | BG48: 44705 | BH48: 116 | BK48: 44741 | BL48: 229 | BO48: 44775 | BP48: 257 | BS48: 44811 | BT48: 243 | BW48: 44869 | BX48: 79 | CA48: =I48+O48+U48+AA48+AG48 -> 141 | CB48: =AM48-(I48+O48) -> 9 | CC48: =AS48-(I48+O48+U48+AA48) -> 30 | CD48: =CC48-CB48 -> 21 | CE48: =AY48-(I48+O48+U48+AA48+AG48) -> -117 | CF48: =CE48-CD48 -> -138 | CG48: =CB48+CD48+CF48 -> -108 | CH48: =CA48+CG48 -> 33 | CI48: =AVERAGE(J48,P48,V48,AB48,AH48) -> 0.79556366
A49: Rosemount | B49: 2022 | C49: 1412 | D49: 4 | E49: HX5 | F49: 35 day | G49: 44678 | H49: 44705 | I49: 6 | J49: =I49/DAYS360(G49,H49) -> 0.22222222 | M49: 44705 | N49: 44741 | O49: 32 | P49: =O49/DAYS360(M49,N49) -> 0.91428571 | S49: 44741 | T49: 44775 | U49: 101 | V49: =U49/DAYS360(S49,T49) -> 3.0606061 | Y49: 44775 | Z49: 44811 | AA49: 25 | AB49: =AA49/DAYS360(Y49,Z49) -> 0.71428571 | AE49: 44811 | AF49: 44869 | AG49: 70 | AH49: =AG49/DAYS360(AE49,AF49) -> 1.2280702 | AK49: 44678 | AL49: 44741 | AM49: 36 | AN49: =AM49/DAYS360(AK49,AL49) -> 0.58064516 | AQ49: 44678 | AR49: 44811 | AS49: 39 | AT49: =AS49/DAYS360(AQ49,AR49) -> 0.3 | AW49: 44678 | AX49: 44869 | AY49: 125 | AZ49: =AY49/DAYS360(AW49,AX49) -> 0.6684492 | BC49: 44678 | BD49: 104 | BG49: 44705 | BH49: 97 | BK49: 44741 | BL49: 183 | BO49: 44775 | BP49: 216 | BS49: 44811 | BT49: 101 | BW49: 44869 | BX49: 207 | CA49: =I49+O49+U49+AA49+AG49 -> 234 | CB49: =AM49-(I49+O49) -> -2 | CC49: =AS49-(I49+O49+U49+AA49) -> -125 | CD49: =CC49-CB49 -> -123 | CE49: =AY49-(I49+O49+U49+AA49+AG49) -> -109 | CF49: =CE49-CD49 -> 14 | CG49: =CB49+CD49+CF49 -> -111 | CH49: =CA49+CG49 -> 123 | CI49: =AVERAGE(J49,P49,V49,AB49,AH49) -> 1.227894
A50: St. Paul | B50: 2022 | C50: 2101 | D50: 1 | E50: HX3 | F50: 45 day | G50: 44678 | H50: 44704 | I50: 82 | J50: =I50/DAYS360(G50,H50) -> 3.1538462 | M50: 44704 | N50: 44754 | O50: 90 | P50: =O50/DAYS360(M50,N50) -> 1.8367347 | S50: 44754 | T50: 44795 | U50: 89 | V50: =U50/DAYS360(S50,T50) -> 2.225 | Y50: 44795 | Z50: 44862 | AA50: 22 | AB50: =AA50/DAYS360(Y50,Z50) -> 0.33333333 | AK50: 44678 | AL50: 44754 | AM50: 186 | AN50: =AM50/DAYS360(AK50,AL50) -> 2.48 | AQ50: 44678 | AR50: 44862 | AS50: 86 | AT50: =AS50/DAYS360(AQ50,AR50) -> 0.47513812 | AW50: 44678 | AX50: 44862 | AY50: 60 | AZ50: =AY50/DAYS360(AW50,AX50) -> 0.33149171 | BC50: 44678 | BD50: 258 | BG50: 44704 | BH50: 23 | BK50: 44754 | BO50: 44795 | BP50: 157 | BS50: 44862 | BT50: 251 | CA50: =I50+O50+U50+AA50+AG50 -> 283 | CB50: =AM50-(I50+O50) -> 14 | CC50: =AS50-(I50+O50+U50+AA50) -> -197 | CD50: =CC50-CB50 -> -211 | CE50: =AY50-(I50+O50+U50+AA50+AG50) -> -223 | CF50: =CE50-CD50 -> -12 | CG50: =CB50+CD50+CF50 -> -209 | CH50: =CA50+CG50 -> 74 | CI50: =AVERAGE(J50,P50,V50,AB50,AH50) -> 1.8872285
A51: St. Paul | B51: 2022 | C51: 2104 | D51: 1 | E51: HX5 | F51: 45 day | G51: 44678 | H51: 44704 | I51: 282 | J51: =I51/DAYS360(G51,H51) -> 10.846154 | M51: 44704 | N51: 44754 | O51: 5 | P51: =O51/DAYS360(M51,N51) -> 0.10204082 | S51: 44754 | T51: 44795 | U51: 19 | V51: =U51/DAYS360(S51,T51) -> 0.475 | Y51: 44795 | Z51: 44862 | AA51: 19 | AB51: =AA51/DAYS360(Y51,Z51) -> 0.28787879 | AK51: 44678 | AL51: 44754 | AM51: 11 | AN51: =AM51/DAYS360(AK51,AL51) -> 0.14666667 | AQ51: 44678 | AR51: 44862 | AS51: 30 | AT51: =AS51/DAYS360(AQ51,AR51) -> 0.16574586 | AW51: 44678 | AX51: 44862 | AY51: 31 | AZ51: =AY51/DAYS360(AW51,AX51) -> 0.17127072 | BC51: 44678 | BD51: 207 | BG51: 44704 | BH51: 64 | BK51: 44754 | BL51: 170 | BO51: 44795 | BP51: 204 | BS51: 44862 | BT51: 196 | CA51: =I51+O51+U51+AA51+AG51 -> 325 | CB51: =AM51-(I51+O51) -> -276 | CC51: =AS51-(I51+O51+U51+AA51) -> -295 | CD51: =CC51-CB51 -> -19 | CE51: =AY51-(I51+O51+U51+AA51+AG51) -> -294 | CF51: =CE51-CD51 -> -275 | CG51: =CB51+CD51+CF51 -> -570 | CH51: =CA51+CG51 -> -245 | CI51: =AVERAGE(J51,P51,V51,AB51,AH51) -> 2.9277684
A52: St. Paul | B52: 2022 | C52: 2108 | D52: 1 | E52: HX3 | F52: 35 day | G52: 44678 | H52: 44704 | I52: 78 | J52: =I52/DAYS360(G52,H52) -> 3 | M52: 44704 | N52: 44741 | P52: =O52/DAYS360(M52,N52) -> 0 | S52: 44741 | T52: 44775 | U52: 40 | V52: =U52/DAYS360(S52,T52) -> 1.2121212 | Y52: 44775 | Z52: 44811 | AA52: 101 | AB52: =AA52/DAYS360(Y52,Z52) -> 2.8857143 | AE52: 44811 | AF52: 44862 | AG52: 11 | AH52: =AG52/DAYS360(AE52,AF52) -> 0.21568627 | AK52: 44678 | AL52: 44741 | AM52: 107 | AN52: =AM52/DAYS360(AK52,AL52) -> 1.7258065 | AQ52: 44678 | AR52: 44811 | AS52: 23 | AT52: =AS52/DAYS360(AQ52,AR52) -> 0.17692308 | AW52: 44678 | AX52: 44862 | BC52: 44678 | BD52: 162 | BG52: 44704 | BH52: 88 | BK52: 44741 | BL52: 95 | BO52: 44775 | BP52: 147 | BS52: 44811 | BT52: 96 | BW52: 44862 | BX52: 374 | CA52: =I52+O52+U52+AA52+AG52 -> 230 | CB52: =AM52-(I52+O52) -> 29 | CC52: =AS52-(I52+O52+U52+AA52) -> -196 | CD52: =CC52-CB52 -> -225 | CE52: =AY52-(I52+O52+U52+AA52+AG52) -> -230 | CF52: =CE52-CD52 -> -5 | CG52: =CB52+CD52+CF52 -> -201 | CH52: =CA52+CG52 -> 29 | CI52: =AVERAGE(J52,P52,V52,AB52,AH52) -> 1.4627044
A53: St. Paul | B53: 2022 | C53: 2110 | D53: 1 | E53: HX5 | F53: 35 day | G53: 44678 | H53: 44704 | I53: 109 | J53: =I53/DAYS360(G53,H53) -> 4.1923077 | M53: 44704 | N53: 44741 | O53: 4 | P53: =O53/DAYS360(M53,N53) -> 0.11111111 | S53: 44741 | T53: 44775 | U53: 7 | V53: =U53/DAYS360(S53,T53) -> 0.21212121 | Y53: 44775 | Z53: 44811 | AA53: 31 | AB53: =AA53/DAYS360(Y53,Z53) -> 0.88571429 | AE53: 44811 | AF53: 44862 | AG53: 7 | AH53: =AG53/DAYS360(AE53,AF53) -> 0.1372549 | AK53: 44678 | AL53: 44741 | AM53: 2 | AN53: =AM53/DAYS360(AK53,AL53) -> 0.032258065 | AQ53: 44678 | AR53: 44811 | AS53: 77 | AT53: =AS53/DAYS360(AQ53,AR53) -> 0.59230769 | AW53: 44678 | AX53: 44862 | AY53: 29 | AZ53: =AY53/DAYS360(AW53,AX53) -> 0.16022099 | BC53: 44678 | BD53: 250 | BG53: 44704 | BH53: 58 | BK53: 44741 | BL53: 170 | BO53: 44775 | BP53: 100 | BS53: 44811 | BT53: 100 | BW53: 44862 | BX53: 102 | CA53: =I53+O53+U53+AA53+AG53 -> 158 | CB53: =AM53-(I53+O53) -> -111 | CC53: =AS53-(I53+O53+U53+AA53) -> -74 | CD53: =CC53-CB53 -> 37 | CE53: =AY53-(I53+O53+U53+AA53+AG53) -> -129 | CF53: =CE53-CD53 -> -166 | CG53: =CB53+CD53+CF53 -> -240 | CH53: =CA53+CG53 -> -82 | CI53: =AVERAGE(J53,P53,V53,AB53,AH53) -> 1.1077018
A54: St. Paul | B54: 2022 | C54: 2204 | D54: 2 | E54: HX5 | F54: 45 day | G54: 44678 | H54: 44704 | I54: 13 | J54: =I54/DAYS360(G54,H54) -> 0.5 | M54: 44704 | N54: 44754 | O54: 20 | P54: =O54/DAYS360(M54,N54) -> 0.40816327 | S54: 44754 | T54: 44795 | U54: 56 | V54: =U54/DAYS360(S54,T54) -> 1.4 | Y54: 44795 | Z54: 44862 | AA54: 45 | AB54: =AA54/DAYS360(Y54,Z54) -> 0.68181818 | AK54: 44678 | AL54: 44754 | AM54: 83 | AN54: =AM54/DAYS360(AK54,AL54) -> 1.1066667 | AQ54: 44678 | AR54: 44862 | AS54: 21 | AT54: =AS54/DAYS360(AQ54,AR54) -> 0.1160221 | AW54: 44678 | AX54: 44862 | AY54: 5 | AZ54: =AY54/DAYS360(AW54,AX54) -> 0.027624309 | BC54: 44678 | BD54: 140 | BG54: 44704 | BH54: 33 | BK54: 44754 | BL54: 101 | BO54: 44795 | BP54: 105 | BS54: 44862 | BT54: 146 | CA54: =I54+O54+U54+AA54+AG54 -> 134 | CB54: =AM54-(I54+O54) -> 50 | CC54: =AS54-(I54+O54+U54+AA54) -> -113 | CD54: =CC54-CB54 -> -163 | CE54: =AY54-(I54+O54+U54+AA54+AG54) -> -129 | CF54: =CE54-CD54 -> 34 | CG54: =CB54+CD54+CF54 -> -79 | CH54: =CA54+CG54 -> 55 | CI54: =AVERAGE(J54,P54,V54,AB54,AH54) -> 0.74749536
A55: St. Paul | B55: 2022 | C55: 2205 | D55: 2 | E55: HX3 | F55: 45 day | G55: 44678 | H55: 44704 | I55: 7 | J55: =I55/DAYS360(G55,H55) -> 0.26923077 | M55: 44704 | N55: 44754 | O55: 16 | P55: =O55/DAYS360(M55,N55) -> 0.32653061 | S55: 44754 | T55: 44795 | U55: 30 | V55: =U55/DAYS360(S55,T55) -> 0.75 | Y55: 44795 | Z55: 44862 | AA55: 43 | AB55: =AA55/DAYS360(Y55,Z55) -> 0.65151515 | AK55: 44678 | AL55: 44754 | AM55: 42 | AN55: =AM55/DAYS360(AK55,AL55) -> 0.56 | AQ55: 44678 | AR55: 44862 | AS55: 94 | AT55: =AS55/DAYS360(AQ55,AR55) -> 0.51933702 | AW55: 44678 | AX55: 44862 | AY55: 66 | AZ55: =AY55/DAYS360(AW55,AX55) -> 0.36464088 | BC55: 44678 | BD55: 135 | BG55: 44704 | BH55: 45 | BK55: 44754 | BL55: 174 | BO55: 44795 | BP55: 98 | BS55: 44862 | BT55: 304 | CA55: =I55+O55+U55+AA55+AG55 -> 96 | CB55: =AM55-(I55+O55) -> 19 | CC55: =AS55-(I55+O55+U55+AA55) -> -2 | CD55: =CC55-CB55 -> -21 | CE55: =AY55-(I55+O55+U55+AA55+AG55) -> -30 | CF55: =CE55-CD55 -> -9 | CG55: =CB55+CD55+CF55 -> -11 | CH55: =CA55+CG55 -> 85 | CI55: =AVERAGE(J55,P55,V55,AB55,AH55) -> 0.49931913
A56: St. Paul | B56: 2022 | C56: 2208 | D56: 2 | E56: HX5 | F56: 35 day | G56: 44678 | H56: 44704 | I56: 84 | J56: =I56/DAYS360(G56,H56) -> 3.2307692 | M56: 44704 | N56: 44741 | O56: 6 | P56: =O56/DAYS360(M56,N56) -> 0.16666667 | S56: 44741 | T56: 44775 | U56: 18 | V56: =U56/DAYS360(S56,T56) -> 0.54545455 | Y56: 44775 | Z56: 44811 | AA56: 85 | AB56: =AA56/DAYS360(Y56,Z56) -> 2.4285714 | AE56: 44811 | AF56: 44862 | AK56: 44678 | AL56: 44741 | AM56: 22 | AN56: =AM56/DAYS360(AK56,AL56) -> 0.35483871 | AQ56: 44678 | AR56: 44811 | AS56: 75 | AT56: =AS56/DAYS360(AQ56,AR56) -> 0.57692308 | AW56: 44678 | AX56: 44862 | AY56: 33 | AZ56: =AY56/DAYS360(AW56,AX56) -> 0.18232044 | BC56: 44678 | BD56: 113 | BG56: 44704 | BH56: 46 | BK56: 44741 | BL56: 74 | BO56: 44775 | BP56: 114 | BS56: 44811 | BT56: 278 | BW56: 44862 | BX56: 143 | CA56: =I56+O56+U56+AA56+AG56 -> 193 | CB56: =AM56-(I56+O56) -> -68 | CC56: =AS56-(I56+O56+U56+AA56) -> -118 | CD56: =CC56-CB56 -> -50 | CE56: =AY56-(I56+O56+U56+AA56+AG56) -> -160 | CF56: =CE56-CD56 -> -110 | CG56: =CB56+CD56+CF56 -> -228 | CH56: =CA56+CG56 -> -35 | CI56: =AVERAGE(J56,P56,V56,AB56,AH56) -> 1.5928655
A57: St. Paul | B57: 2022 | C57: 2212 | D57: 2 | E57: HX3 | F57: 35 day | G57: 44678 | H57: 44704 | I57: 47 | J57: =I57/DAYS360(G57,H57) -> 1.8076923 | M57: 44704 | N57: 44741 | O57: 242 | P57: =O57/DAYS360(M57,N57) -> 6.7222222 | S57: 44741 | T57: 44775 | U57: 56 | V57: =U57/DAYS360(S57,T57) -> 1.6969697 | Y57: 44775 | Z57: 44811 | AA57: 342 | AB57: =AA57/DAYS360(Y57,Z57) -> 9.7714286 | AE57: 44811 | AF57: 44862 | AG57: 7 | AH57: =AG57/DAYS360(AE57,AF57) -> 0.1372549 | AK57: 44678 | AL57: 44741 | AM57: 59 | AN57: =AM57/DAYS360(AK57,AL57) -> 0.9516129 | AQ57: 44678 | AR57: 44811 | AS57: 221 | AT57: =AS57/DAYS360(AQ57,AR57) -> 1.7 | AW57: 44678 | AX57: 44862 | AY57: 165 | AZ57: =AY57/DAYS360(AW57,AX57) -> 0.91160221 | BC57: 44678 | BD57: 103 | BG57: 44704 | BH57: 41 | BK57: 44741 | BL57: 254 | BO57: 44775 | BP57: 264 | BS57: 44811 | BT57: 316 | BW57: 44862 | BX57: 191 | CA57: =I57+O57+U57+AA57+AG57 -> 694 | CB57: =AM57-(I57+O57) -> -230 | CC57: =AS57-(I57+O57+U57+AA57) -> -466 | CD57: =CC57-CB57 -> -236 | CE57: =AY57-(I57+O57+U57+AA57+AG57) -> -529 | CF57: =CE57-CD57 -> -293 | CG57: =CB57+CD57+CF57 -> -759 | CH57: =CA57+CG57 -> -65 | CI57: =AVERAGE(J57,P57,V57,AB57,AH57) -> 4.0271135
A58: St. Paul | B58: 2022 | C58: 2302 | D58: 3 | E58: HX5 | F58: 35 day | G58: 44678 | H58: 44704 | I58: 113 | J58: =I58/DAYS360(G58,H58) -> 4.3461538 | M58: 44704 | N58: 44741 | O58: 60 | P58: =O58/DAYS360(M58,N58) -> 1.6666667 | S58: 44741 | T58: 44775 | U58: 100 | V58: =U58/DAYS360(S58,T58) -> 3.030303 | Y58: 44775 | Z58: 44811 | AA58: 136 | AB58: =AA58/DAYS360(Y58,Z58) -> 3.8857143 | AE58: 44811 | AF58: 44862 | AG58: 26 | AH58: =AG58/DAYS360(AE58,AF58) -> 0.50980392 | AK58: 44678 | AL58: 44741 | AM58: 21 | AN58: =AM58/DAYS360(AK58,AL58) -> 0.33870968 | AQ58: 44678 | AR58: 44811 | AS58: 57 | AT58: =AS58/DAYS360(AQ58,AR58) -> 0.43846154 | AW58: 44678 | AX58: 44862 | AY58: 25 | AZ58: =AY58/DAYS360(AW58,AX58) -> 0.13812155 | BC58: 44678 | BD58: 110 | BG58: 44704 | BH58: 55 | BK58: 44741 | BL58: 104 | BO58: 44775 | BP58: 97 | BS58: 44811 | BT58: 196 | BW58: 44862 | BX58: 220 | CA58: =I58+O58+U58+AA58+AG58 -> 435 | CB58: =AM58-(I58+O58) -> -152 | CC58: =AS58-(I58+O58+U58+AA58) -> -352 | CD58: =CC58-CB58 -> -200 | CE58: =AY58-(I58+O58+U58+AA58+AG58) -> -410 | CF58: =CE58-CD58 -> -210 | CG58: =CB58+CD58+CF58 -> -562 | CH58: =CA58+CG58 -> -127 | CI58: =AVERAGE(J58,P58,V58,AB58,AH58) -> 2.6877284
A59: St. Paul | B59: 2022 | C59: 2303 | D59: 3 | E59: HX3 | F59: 35 day | G59: 44678 | H59: 44704 | I59: 43 | J59: =I59/DAYS360(G59,H59) -> 1.6538462 | M59: 44704 | N59: 44741 | O59: 7 | P59: =O59/DAYS360(M59,N59) -> 0.19444444 | S59: 44741 | T59: 44775 | U59: 2 | V59: =U59/DAYS360(S59,T59) -> 0.060606061 | Y59: 44775 | Z59: 44811 | AA59: 93 | AB59: =AA59/DAYS360(Y59,Z59) -> 2.6571429 | AE59: 44811 | AF59: 44862 | AG59: 9 | AH59: =AG59/DAYS360(AE59,AF59) -> 0.17647059 | AK59: 44678 | AL59: 44741 | AM59: 5 | AN59: =AM59/DAYS360(AK59,AL59) -> 0.080645161 | AQ59: 44678 | AR59: 44811 | AS59: 70 | AT59: =AS59/DAYS360(AQ59,AR59) -> 0.53846154 | AW59: 44678 | AX59: 44862 | AY59: 24 | AZ59: =AY59/DAYS360(AW59,AX59) -> 0.13259669 | BC59: 44678 | BD59: 134 | BG59: 44704 | BH59: 116 | BK59: 44741 | BL59: 181 | BO59: 44775 | BP59: 93 | BS59: 44811 | BT59: 205 | BW59: 44862 | BX59: 217 | CA59: =I59+O59+U59+AA59+AG59 -> 154 | CB59: =AM59-(I59+O59) -> -45 | CC59: =AS59-(I59+O59+U59+AA59) -> -75 | CD59: =CC59-CB59 -> -30 | CE59: =AY59-(I59+O59+U59+AA59+AG59) -> -130 | CF59: =CE59-CD59 -> -100 | CG59: =CB59+CD59+CF59 -> -175 | CH59: =CA59+CG59 -> -21 | CI59: =AVERAGE(J59,P59,V59,AB59,AH59) -> 0.94850202
A60: St. Paul | B60: 2022 | C60: 2309 | D60: 3 | E60: HX3 | F60: 45 day | G60: 44678 | H60: 44704 | I60: 145 | J60: =I60/DAYS360(G60,H60) -> 5.5769231 | M60: 44704 | N60: 44754 | O60: 111 | P60: =O60/DAYS360(M60,N60) -> 2.2653061 | S60: 44754 | T60: 44795 | U60: 69 | V60: =U60/DAYS360(S60,T60) -> 1.725 | Y60: 44795 | Z60: 44862 | AA60: 73 | AB60: =AA60/DAYS360(Y60,Z60) -> 1.1060606 | AK60: 44678 | AL60: 44754 | AM60: 99 | AN60: =AM60/DAYS360(AK60,AL60) -> 1.32 | AQ60: 44678 | AR60: 44862 | AS60: 44 | AT60: =AS60/DAYS360(AQ60,AR60) -> 0.24309392 | AW60: 44678 | AX60: 44862 | AY60: 209 | AZ60: =AY60/DAYS360(AW60,AX60) -> 1.1546961 | BC60: 44678 | BD60: 170 | BG60: 44704 | BH60: 102 | BK60: 44754 | BL60: 142 | BO60: 44795 | BP60: 187 | BS60: 44862 | BT60: 157 | CA60: =I60+O60+U60+AA60+AG60 -> 398 | CB60: =AM60-(I60+O60) -> -157 | CC60: =AS60-(I60+O60+U60+AA60) -> -354 | CD60: =CC60-CB60 -> -197 | CE60: =AY60-(I60+O60+U60+AA60+AG60) -> -189 | CF60: =CE60-CD60 -> 8 | CG60: =CB60+CD60+CF60 -> -346 | CH60: =CA60+CG60 -> 52 | CI60: =AVERAGE(J60,P60,V60,AB60,AH60) -> 2.6683225
A61: St. Paul | B61: 2022 | C61: 2312 | D61: 3 | E61: HX5 | F61: 45 day | G61: 44678 | H61: 44704 | I61: 42 | J61: =I61/DAYS360(G61,H61) -> 1.6153846 | M61: 44704 | N61: 44754 | O61: 67 | P61: =O61/DAYS360(M61,N61) -> 1.3673469 | S61: 44754 | T61: 44795 | U61: 68 | V61: =U61/DAYS360(S61,T61) -> 1.7 | Y61: 44795 | Z61: 44862 | AA61: 15 | AB61: =AA61/DAYS360(Y61,Z61) -> 0.22727273 | AK61: 44678 | AL61: 44754 | AM61: 210 | AN61: =AM61/DAYS360(AK61,AL61) -> 2.8 | AQ61: 44678 | AR61: 44862 | AS61: 34 | AT61: =AS61/DAYS360(AQ61,AR61) -> 0.1878453 | AW61: 44678 | AX61: 44862 | AY61: 59 | AZ61: =AY61/DAYS360(AW61,AX61) -> 0.32596685 | BC61: 44678 | BD61: 132 | BG61: 44704 | BH61: 21 | BK61: 44754 | BL61: 170 | BO61: 44795 | BP61: 248 | BS61: 44862 | BT61: 131 | CA61: =I61+O61+U61+AA61+AG61 -> 192 | CB61: =AM61-(I61+O61) -> 101 | CC61: =AS61-(I61+O61+U61+AA61) -> -158 | CD61: =CC61-CB61 -> -259 | CE61: =AY61-(I61+O61+U61+AA61+AG61) -> -133 | CF61: =CE61-CD61 -> 126 | CG61: =CB61+CD61+CF61 -> -32 | CH61: =CA61+CG61 -> 160 | CI61: =AVERAGE(J61,P61,V61,AB61,AH61) -> 1.2275011
A62: St. Paul | B62: 2022 | C62: 2404 | D62: 4 | E62: HX5 | F62: 45 day | G62: 44678 | H62: 44704 | I62: 466 | J62: =I62/DAYS360(G62,H62) -> 17.923077 | M62: 44704 | N62: 44754 | O62: 3 | P62: =O62/DAYS360(M62,N62) -> 0.06122449 | S62: 44754 | T62: 44795 | U62: 12 | V62: =U62/DAYS360(S62,T62) -> 0.3 | Y62: 44795 | Z62: 44862 | AA62: 15 | AB62: =AA62/DAYS360(Y62,Z62) -> 0.22727273 | AK62: 44678 | AL62: 44754 | AM62: 170 | AN62: =AM62/DAYS360(AK62,AL62) -> 2.2666667 | AQ62: 44678 | AR62: 44862 | AS62: 56 | AT62: =AS62/DAYS360(AQ62,AR62) -> 0.30939227 | AW62: 44678 | AX62: 44862 | AY62: 276 | AZ62: =AY62/DAYS360(AW62,AX62) -> 1.5248619 | BC62: 44678 | BD62: 175 | BG62: 44704 | BH62: 54 | BK62: 44754 | BL62: 47 | BO62: 44795 | BP62: 96 | BS62: 44862 | BT62: 198 | CA62: =I62+O62+U62+AA62+AG62 -> 496 | CB62: =AM62-(I62+O62) -> -299 | CC62: =AS62-(I62+O62+U62+AA62) -> -440 | CD62: =CC62-CB62 -> -141 | CE62: =AY62-(I62+O62+U62+AA62+AG62) -> -220 | CF62: =CE62-CD62 -> -79 | CG62: =CB62+CD62+CF62 -> -519 | CH62: =CA62+CG62 -> -23 | CI62: =AVERAGE(J62,P62,V62,AB62,AH62) -> 4.6278935
A63: St. Paul | B63: 2022 | C63: 2406 | D63: 4 | E63: HX3 | F63: 45 day | G63: 44678 | H63: 44704 | I63: 265 | J63: =I63/DAYS360(G63,H63) -> 10.192308 | M63: 44704 | N63: 44754 | O63: 68 | P63: =O63/DAYS360(M63,N63) -> 1.3877551 | S63: 44754 | T63: 44795 | U63: 41 | V63: =U63/DAYS360(S63,T63) -> 1.025 | Y63: 44795 | Z63: 44862 | AA63: 49 | AB63: =AA63/DAYS360(Y63,Z63) -> 0.74242424 | AK63: 44678 | AL63: 44754 | AM63: 37 | AN63: =AM63/DAYS360(AK63,AL63) -> 0.49333333 | AQ63: 44678 | AR63: 44862 | AS63: 53 | AT63: =AS63/DAYS360(AQ63,AR63) -> 0.29281768 | AW63: 44678 | AX63: 44862 | AY63: 71 | AZ63: =AY63/DAYS360(AW63,AX63) -> 0.39226519 | BC63: 44678 | BD63: 172 | BG63: 44704 | BH63: 27 | BK63: 44754 | BL63: 110 | BO63: 44795 | BP63: 147 | BS63: 44862 | BT63: 246 | CA63: =I63+O63+U63+AA63+AG63 -> 423 | CB63: =AM63-(I63+O63) -> -296 | CC63: =AS63-(I63+O63+U63+AA63) -> -370 | CD63: =CC63-CB63 -> -74 | CE63: =AY63-(I63+O63+U63+AA63+AG63) -> -352 | CF63: =CE63-CD63 -> -278 | CG63: =CB63+CD63+CF63 -> -648 | CH63: =CA63+CG63 -> -225 | CI63: =AVERAGE(J63,P63,V63,AB63,AH63) -> 3.3368718
A64: St. Paul | B64: 2022 | C64: 2407 | D64: 4 | E64: HX3 | F64: 35 day | G64: 44678 | H64: 44704 | I64: 24 | J64: =I64/DAYS360(G64,H64) -> 0.92307692 | M64: 44704 | N64: 44741 | O64: 33 | P64: =O64/DAYS360(M64,N64) -> 0.91666667 | S64: 44741 | T64: 44775 | U64: 34 | V64: =U64/DAYS360(S64,T64) -> 1.030303 | Y64: 44775 | Z64: 44811 | AA64: 152 | AB64: =AA64/DAYS360(Y64,Z64) -> 4.3428571 | AE64: 44811 | AF64: 44862 | AG64: 1 | AH64: =AG64/DAYS360(AE64,AF64) -> 0.019607843 | AK64: 44678 | AL64: 44741 | AM64: 46 | AN64: =AM64/DAYS360(AK64,AL64) -> 0.74193548 | AQ64: 44678 | AR64: 44811 | AS64: 470 | AT64: =AS64/DAYS360(AQ64,AR64) -> 3.6153846 | AW64: 44678 | AX64: 44862 | AY64: 43 | AZ64: =AY64/DAYS360(AW64,AX64) -> 0.23756906 | BC64: 44678 | BD64: 258 | BG64: 44704 | BH64: 118 | BK64: 44741 | BL64: 229 | BO64: 44775 | BP64: 239 | BS64: 44811 | BT64: 173 | BW64: 44862 | BX64: 219 | CA64: =I64+O64+U64+AA64+AG64 -> 244 | CB64: =AM64-(I64+O64) -> -11 | CC64: =AS64-(I64+O64+U64+AA64) -> 227 | CD64: =CC64-CB64 -> 238 | CE64: =AY64-(I64+O64+U64+AA64+AG64) -> -201 | CF64: =CE64-CD64 -> -439 | CG64: =CB64+CD64+CF64 -> -212 | CH64: =CA64+CG64 -> 32 | CI64: =AVERAGE(J64,P64,V64,AB64,AH64) -> 1.4465023
A65: St. Paul | B65: 2022 | C65: 2412 | D65: 4 | E65: HX5 | F65: 35 day | G65: 44678 | H65: 44704 | I65: 255 | J65: =I65/DAYS360(G65,H65) -> 9.8076923 | M65: 44704 | N65: 44741 | O65: 26 | P65: =O65/DAYS360(M65,N65) -> 0.72222222 | S65: 44741 | T65: 44775 | U65: 21 | V65: =U65/DAYS360(S65,T65) -> 0.63636364 | Y65: 44775 | Z65: 44811 | AB65: =AA65/DAYS360(Y65,Z65) -> 0 | AE65: 44811 | AF65: 44862 | AG65: 7 | AH65: =AG65/DAYS360(AE65,AF65) -> 0.1372549 | AK65: 44678 | AL65: 44741 | AM65: 42 | AN65: =AM65/DAYS360(AK65,AL65) -> 0.67741935 | AQ65: 44678 | AR65: 44811 | AS65: 120 | AT65: =AS65/DAYS360(AQ65,AR65) -> 0.92307692 | AW65: 44678 | AX65: 44862 | AY65: 54 | AZ65: =AY65/DAYS360(AW65,AX65) -> 0.29834254 | BC65: 44678 | BD65: 227 | BG65: 44704 | BH65: 120 | BK65: 44741 | BL65: 364 | BO65: 44775 | BP65: 205 | BS65: 44811 | BT65: 295 | BW65: 44862 | BX65: 263 | CA65: =I65+O65+U65+AA65+AG65 -> 309 | CB65: =AM65-(I65+O65) -> -239 | CC65: =AS65-(I65+O65+U65+AA65) -> -182 | CD65: =CC65-CB65 -> 57 | CE65: =AY65-(I65+O65+U65+AA65+AG65) -> -255 | CF65: =CE65-CD65 -> -312 | CG65: =CB65+CD65+CF65 -> -494 | CH65: =CA65+CG65 -> -185 | CI65: =AVERAGE(J65,P65,V65,AB65,AH65) -> 2.2607066
A66: Rosemount | B66: 2023 | C66: 1103 | D66: 1 | E66: HX5 | F66: 45 day | G66: 45043 | H66: 45069 | I66: 3 | J66: =I66/DAYS360(G66,H66) -> 0.11538462 | M66: 45069 | N66: 45118 | O66: 24 | P66: =O66/DAYS360(M66,N66) -> 0.5 | S66: 45118 | T66: 45161 | U66: 67 | V66: =U66/DAYS360(S66,T66) -> 1.5952381 | Y66: 45161 | Z66: 45233 | AA66: 24 | AB66: =AA66/DAYS360(Y66,Z66) -> 0.34285714 | AK66: 45043 | AL66: 45118 | AM66: 154 | AN66: =AM66/DAYS360(AK66,AL66) -> 2.0810811 | AQ66: 45043 | AR66: 45233 | AS66: 85 | AT66: =AS66/DAYS360(AQ66,AR66) -> 0.45698925 | AW66: 45043 | AX66: 45246 | AY66: 249 | AZ66: =AY66/DAYS360(AW66,AX66) -> 1.2512563 | BC66: 45043 | BD66: 113 | BG66: 45069 | BH66: 207 | BK66: 45118 | BL66: 183 | BO66: 45161 | BP66: 114 | BT66: 75 | CA66: =I66+O66+U66+AA66+AG66 -> 118 | CB66: =AM66-(I66+O66) -> 127 | CC66: =AS66-(I66+O66+U66+AA66) -> -33 | CD66: =CC66-CB66 -> -160 | CE66: =AY66-(I66+O66+U66+AA66+AG66) -> 131 | CF66: =CE66-CD66 -> 291 | CG66: =CB66+CD66+CF66 -> 258 | CH66: =CA66+CG66 -> 376 | CI66: =AVERAGE(J66,P66,V66,AB66,AH66) -> 0.63836996
A67: Rosemount | B67: 2023 | C67: 1106 | D67: 1 | E67: HX3 | F67: 45 day | G67: 45043 | H67: 45069 | I67: 7 | J67: =I67/DAYS360(G67,H67) -> 0.26923077 | M67: 45069 | N67: 45118 | O67: 55 | P67: =O67/DAYS360(M67,N67) -> 1.1458333 | S67: 45118 | T67: 45161 | U67: 101 | V67: =U67/DAYS360(S67,T67) -> 2.4047619 | Y67: 45161 | Z67: 45233 | AA67: 27 | AB67: =AA67/DAYS360(Y67,Z67) -> 0.38571429 | AK67: 45043 | AL67: 45118 | AM67: 205 | AN67: =AM67/DAYS360(AK67,AL67) -> 2.7702703 | AQ67: 45043 | AR67: 45233 | AS67: 167 | AT67: =AS67/DAYS360(AQ67,AR67) -> 0.89784946 | AW67: 45043 | AX67: 45246 | AY67: 313 | AZ67: =AY67/DAYS360(AW67,AX67) -> 1.5728643 | BC67: 45043 | BD67: 199 | BG67: 45069 | BH67: 269 | BK67: 45118 | BL67: 232 | BO67: 45161 | BP67: 165 | BT67: 117 | CA67: =I67+O67+U67+AA67+AG67 -> 190 | CB67: =AM67-(I67+O67) -> 143 | CC67: =AS67-(I67+O67+U67+AA67) -> -23 | CD67: =CC67-CB67 -> -166 | CE67: =AY67-(I67+O67+U67+AA67+AG67) -> 123 | CF67: =CE67-CD67 -> 289 | CG67: =CB67+CD67+CF67 -> 266 | CH67: =CA67+CG67 -> 456 | CI67: =AVERAGE(J67,P67,V67,AB67,AH67) -> 1.0513851
A68: Rosemount | B68: 2023 | C68: 1108 | D68: 1 | E68: HX5 | F68: 35 day | G68: 45043 | H68: 45069 | I68: 5 | J68: =I68/DAYS360(G68,H68) -> 0.19230769 | M68: 45069 | N68: 45107 | O68: 14 | P68: =O68/DAYS360(M68,N68) -> 0.37837838 | S68: 45107 | T68: 45141 | U68: 36 | V68: =U68/DAYS360(S68,T68) -> 1.0909091 | Y68: 45141 | Z68: 45176 | AA68: 109 | AB68: =AA68/DAYS360(Y68,Z68) -> 3.2058824 | AE68: 45176 | AF68: 45233 | AG68: 16 | AH68: =AG68/DAYS360(AE68,AF68) -> 0.28571429 | AK68: 45043 | AL68: 45107 | AM68: 45 | AN68: =AM68/DAYS360(AK68,AL68) -> 0.71428571 | AQ68: 45043 | AR68: 45176 | AS68: 56 | AT68: =AS68/DAYS360(AQ68,AR68) -> 0.43076923 | AW68: 45043 | AX68: 45246 | AY68: 217 | AZ68: =AY68/DAYS360(AW68,AX68) -> 1.0904523 | BC68: 45043 | BD68: 190 | BG68: 45069 | BH68: 158 | BK68: 45107 | BL68: 184 | BO68: 45141 | BP68: 87 | BS68: 45176 | BT68: 115 | BW68: 45233 | BX68: 58 | CA68: =I68+O68+U68+AA68+AG68 -> 180 | CB68: =AM68-(I68+O68) -> 26 | CC68: =AS68-(I68+O68+U68+AA68) -> -108 | CD68: =CC68-CB68 -> -134 | CE68: =AY68-(I68+O68+U68+AA68+AG68) -> 37 | CF68: =CE68-CD68 -> 171 | CG68: =CB68+CD68+CF68 -> 63 | CH68: =CA68+CG68 -> 243 | CI68: =AVERAGE(J68,P68,V68,AB68,AH68) -> 1.0306384
A69: Rosemount | B69: 2023 | C69: 1112 | D69: 1 | E69: HX3 | F69: 35 day | G69: 45043 | H69: 45069 | I69: 11 | J69: =I69/DAYS360(G69,H69) -> 0.42307692 | M69: 45069 | N69: 45107 | O69: 20 | P69: =O69/DAYS360(M69,N69) -> 0.54054054 | S69: 45107 | T69: 45141 | U69: 62 | V69: =U69/DAYS360(S69,T69) -> 1.8787879 | Y69: 45141 | Z69: 45176 | AA69: 81 | AB69: =AA69/DAYS360(Y69,Z69) -> 2.3823529 | AE69: 45176 | AF69: 45233 | AG69: 59 | AH69: =AG69/DAYS360(AE69,AF69) -> 1.0535714 | AK69: 45043 | AL69: 45107 | AM69: 132 | AN69: =AM69/DAYS360(AK69,AL69) -> 2.0952381 | AQ69: 45043 | AR69: 45176 | AS69: 151 | AT69: =AS69/DAYS360(AQ69,AR69) -> 1.1615385 | AW69: 45043 | AX69: 45246 | AY69: 156 | AZ69: =AY69/DAYS360(AW69,AX69) -> 0.7839196 | BC69: 45043 | BD69: 200 | BG69: 45069 | BH69: 259 | BK69: 45107 | BL69: 271 | BO69: 45141 | BP69: 163 | BS69: 45176 | BT69: 170 | BW69: 45233 | BX69: 190 | CA69: =I69+O69+U69+AA69+AG69 -> 233 | CB69: =AM69-(I69+O69) -> 101 | CC69: =AS69-(I69+O69+U69+AA69) -> -23 | CD69: =CC69-CB69 -> -124 | CE69: =AY69-(I69+O69+U69+AA69+AG69) -> -77 | CF69: =CE69-CD69 -> 47 | CG69: =CB69+CD69+CF69 -> 24 | CH69: =CA69+CG69 -> 257 | CI69: =AVERAGE(J69,P69,V69,AB69,AH69) -> 1.2556659
A70: Rosemount | B70: 2023 | C70: 1205 | D70: 2 | E70: HX5 | F70: 45 day | G70: 45043 | H70: 45069 | I70: 6 | J70: =I70/DAYS360(G70,H70) -> 0.23076923 | M70: 45069 | N70: 45118 | O70: 28 | P70: =O70/DAYS360(M70,N70) -> 0.58333333 | S70: 45118 | T70: 45161 | U70: 91 | V70: =U70/DAYS360(S70,T70) -> 2.1666667 | Y70: 45161 | Z70: 45233 | AA70: 19 | AB70: =AA70/DAYS360(Y70,Z70) -> 0.27142857 | AK70: 45043 | AL70: 45118 | AM70: 73 | AN70: =AM70/DAYS360(AK70,AL70) -> 0.98648649 | AQ70: 45043 | AR70: 45233 | AS70: 244 | AT70: =AS70/DAYS360(AQ70,AR70) -> 1.311828 | AW70: 45043 | AX70: 45246 | AY70: 274 | AZ70: =AY70/DAYS360(AW70,AX70) -> 1.3768844 | BC70: 45043 | BD70: 131 | BG70: 45069 | BH70: 102 | BK70: 45118 | BL70: 342 | BO70: 45161 | BP70: 151 | BT70: 73 | CA70: =I70+O70+U70+AA70+AG70 -> 144 | CB70: =AM70-(I70+O70) -> 39 | CC70: =AS70-(I70+O70+U70+AA70) -> 100 | CD70: =CC70-CB70 -> 61 | CE70: =AY70-(I70+O70+U70+AA70+AG70) -> 130 | CF70: =CE70-CD70 -> 69 | CG70: =CB70+CD70+CF70 -> 169 | CH70: =CA70+CG70 -> 313 | CI70: =AVERAGE(J70,P70,V70,AB70,AH70) -> 0.81304945
A71: Rosemount | B71: 2023 | C71: 1206 | D71: 2 | E71: HX3 | F71: 45 day | G71: 45043 | H71: 45069 | I71: 14 | J71: =I71/DAYS360(G71,H71) -> 0.53846154 | M71: 45069 | N71: 45118 | O71: 64 | P71: =O71/DAYS360(M71,N71) -> 1.3333333 | S71: 45118 | T71: 45161 | U71: 186 | V71: =U71/DAYS360(S71,T71) -> 4.4285714 | Y71: 45161 | Z71: 45233 | AA71: 23 | AB71: =AA71/DAYS360(Y71,Z71) -> 0.32857143 | AK71: 45043 | AL71: 45118 | AM71: 150 | AN71: =AM71/DAYS360(AK71,AL71) -> 2.027027 | AQ71: 45043 | AR71: 45233 | AS71: 316 | AT71: =AS71/DAYS360(AQ71,AR71) -> 1.6989247 | AW71: 45043 | AX71: 45246 | AY71: 159 | AZ71: =AY71/DAYS360(AW71,AX71) -> 0.79899497 | BC71: 45043 | BD71: 202 | BG71: 45069 | BH71: 186 | BK71: 45118 | BL71: 276 | BO71: 45161 | BP71: 164 | BT71: 99 | CA71: =I71+O71+U71+AA71+AG71 -> 287 | CB71: =AM71-(I71+O71) -> 72 | CC71: =AS71-(I71+O71+U71+AA71) -> 29 | CD71: =CC71-CB71 -> -43 | CE71: =AY71-(I71+O71+U71+AA71+AG71) -> -128 | CF71: =CE71-CD71 -> -85 | CG71: =CB71+CD71+CF71 -> -56 | CH71: =CA71+CG71 -> 231 | CI71: =AVERAGE(J71,P71,V71,AB71,AH71) -> 1.6572344
A72: Rosemount | B72: 2023 | C72: 1207 | D72: 2 | E72: HX5 | F72: 35 day | G72: 45043 | H72: 45069 | I72: 16 | J72: =I72/DAYS360(G72,H72) -> 0.61538462 | M72: 45069 | N72: 45107 | O72: 3 | P72: =O72/DAYS360(M72,N72) -> 0.081081081 | S72: 45107 | T72: 45141 | U72: 43 | V72: =U72/DAYS360(S72,T72) -> 1.3030303 | Y72: 45141 | Z72: 45176 | AB72: =AA72/DAYS360(Y72,Z72) -> 0 | AE72: 45176 | AF72: 45233 | AG72: 27 | AH72: =AG72/DAYS360(AE72,AF72) -> 0.48214286 | AK72: 45043 | AL72: 45107 | AM72: 87 | AN72: =AM72/DAYS360(AK72,AL72) -> 1.3809524 | AQ72: 45043 | AR72: 45176 | AS72: 135 | AT72: =AS72/DAYS360(AQ72,AR72) -> 1.0384615 | AW72: 45043 | AX72: 45246 | AY72: 199 | AZ72: =AY72/DAYS360(AW72,AX72) -> 1 | BC72: 45043 | BD72: 57 | BG72: 45069 | BH72: 132 | BK72: 45107 | BL72: 155 | BO72: 45141 | BP72: 144 | BS72: 45176 | BT72: 210 | BW72: 45233 | BX72: 160 | CA72: =I72+O72+U72+AA72+AG72 -> 89 | CB72: =AM72-(I72+O72) -> 68 | CC72: =AS72-(I72+O72+U72+AA72) -> 73 | CD72: =CC72-CB72 -> 5 | CE72: =AY72-(I72+O72+U72+AA72+AG72) -> 110 | CF72: =CE72-CD72 -> 105 | CG72: =CB72+CD72+CF72 -> 178 | CH72: =CA72+CG72 -> 267 | CI72: =AVERAGE(J72,P72,V72,AB72,AH72) -> 0.49632777
A73: Rosemount | B73: 2023 | C73: 1209 | D73: 2 | E73: HX3 | F73: 35 day | G73: 45043 | H73: 45069 | I73: 12 | J73: =I73/DAYS360(G73,H73) -> 0.46153846 | M73: 45069 | N73: 45107 | O73: 4 | P73: =O73/DAYS360(M73,N73) -> 0.10810811 | S73: 45107 | T73: 45141 | U73: 33 | V73: =U73/DAYS360(S73,T73) -> 1 | Y73: 45141 | Z73: 45176 | AA73: 82 | AB73: =AA73/DAYS360(Y73,Z73) -> 2.4117647 | AE73: 45176 | AF73: 45233 | AG73: 15 | AH73: =AG73/DAYS360(AE73,AF73) -> 0.26785714 | AK73: 45043 | AL73: 45107 | AM73: 59 | AN73: =AM73/DAYS360(AK73,AL73) -> 0.93650794 | AQ73: 45043 | AR73: 45176 | AS73: 182 | AT73: =AS73/DAYS360(AQ73,AR73) -> 1.4 | AW73: 45043 | AX73: 45246 | AY73: 30 | AZ73: =AY73/DAYS360(AW73,AX73) -> 0.15075377 | BC73: 45043 | BD73: 16 | BG73: 45069 | BH73: 268 | BK73: 45107 | BL73: 238 | BO73: 45141 | BP73: 129 | BS73: 45176 | BT73: 169 | BW73: 45233 | BX73: 113 | CA73: =I73+O73+U73+AA73+AG73 -> 146 | CB73: =AM73-(I73+O73) -> 43 | CC73: =AS73-(I73+O73+U73+AA73) -> 51 | CD73: =CC73-CB73 -> 8 | CE73: =AY73-(I73+O73+U73+AA73+AG73) -> -116 | CF73: =CE73-CD73 -> -124 | CG73: =CB73+CD73+CF73 -> -73 | CH73: =CA73+CG73 -> 73 | CI73: =AVERAGE(J73,P73,V73,AB73,AH73) -> 0.84985368
A74: Rosemount | B74: 2023 | C74: 1304 | D74: 3 | E74: HX3 | F74: 35 day | G74: 45043 | H74: 45069 | J74: =I74/DAYS360(G74,H74) -> 0 | M74: 45069 | N74: 45107 | O74: 2 | P74: =O74/DAYS360(M74,N74) -> 0.054054054 | S74: 45107 | T74: 45141 | U74: 38 | V74: =U74/DAYS360(S74,T74) -> 1.1515152 | Y74: 45141 | Z74: 45176 | AA74: 109 | AB74: =AA74/DAYS360(Y74,Z74) -> 3.2058824 | AE74: 45176 | AF74: 45233 | AG74: 9 | AH74: =AG74/DAYS360(AE74,AF74) -> 0.16071429 | AK74: 45043 | AL74: 45107 | AM74: 38 | AN74: =AM74/DAYS360(AK74,AL74) -> 0.6031746 | AQ74: 45043 | AR74: 45176 | AS74: 76 | AT74: =AS74/DAYS360(AQ74,AR74) -> 0.58461538 | AW74: 45043 | AX74: 45246 | AY74: 258 | AZ74: =AY74/DAYS360(AW74,AX74) -> 1.2964824 | BC74: 45043 | BD74: 189 | BG74: 45069 | BH74: 232 | BK74: 45107 | BL74: 219 | BO74: 45141 | BP74: 54 | BS74: 45176 | BT74: 164 | BW74: 45233 | BX74: 316 | CA74: =I74+O74+U74+AA74+AG74 -> 158 | CB74: =AM74-(I74+O74) -> 36 | CC74: =AS74-(I74+O74+U74+AA74) -> -73 | CD74: =CC74-CB74 -> -109 | CE74: =AY74-(I74+O74+U74+AA74+AG74) -> 100 | CF74: =CE74-CD74 -> 209 | CG74: =CB74+CD74+CF74 -> 136 | CH74: =CA74+CG74 -> 294 | CI74: =AVERAGE(J74,P74,V74,AB74,AH74) -> 0.91443317
A75: Rosemount | B75: 2023 | C75: 1305 | D75: 3 | E75: HX5 | F75: 35 day | G75: 45043 | H75: 45069 | I75: 15 | J75: =I75/DAYS360(G75,H75) -> 0.57692308 | M75: 45069 | N75: 45107 | O75: 3 | P75: =O75/DAYS360(M75,N75) -> 0.081081081 | S75: 45107 | T75: 45141 | U75: 17 | V75: =U75/DAYS360(S75,T75) -> 0.51515152 | Y75: 45141 | Z75: 45176 | AA75: 4 | AB75: =AA75/DAYS360(Y75,Z75) -> 0.11764706 | AE75: 45176 | AF75: 45233 | AG75: 0 | AH75: =AG75/DAYS360(AE75,AF75) -> 0 | AK75: 45043 | AL75: 45107 | AM75: 78 | AN75: =AM75/DAYS360(AK75,AL75) -> 1.2380952 | AQ75: 45043 | AR75: 45176 | AS75: 102 | AT75: =AS75/DAYS360(AQ75,AR75) -> 0.78461538 | AW75: 45043 | AX75: 45246 | AY75: 62 | AZ75: =AY75/DAYS360(AW75,AX75) -> 0.31155779 | BC75: 45043 | BD75: 124 | BG75: 45069 | BH75: 215 | BK75: 45107 | BL75: 60 | BO75: 45141 | BP75: 95 | BS75: 45176 | BT75: 191 | BW75: 45233 | BX75: 78 | CA75: =I75+O75+U75+AA75+AG75 -> 39 | CB75: =AM75-(I75+O75) -> 60 | CC75: =AS75-(I75+O75+U75+AA75) -> 63 | CD75: =CC75-CB75 -> 3 | CE75: =AY75-(I75+O75+U75+AA75+AG75) -> 23 | CF75: =CE75-CD75 -> 20 | CG75: =CB75+CD75+CF75 -> 83 | CH75: =CA75+CG75 -> 122 | CI75: =AVERAGE(J75,P75,V75,AB75,AH75) -> 0.25816055
A76: Rosemount | B76: 2023 | C76: 1309 | D76: 3 | E76: HX3 | F76: 45 day | G76: 45043 | H76: 45069 | I76: 6 | J76: =I76/DAYS360(G76,H76) -> 0.23076923 | M76: 45069 | N76: 45118 | O76: 9 | P76: =O76/DAYS360(M76,N76) -> 0.1875 | S76: 45118 | T76: 45161 | U76: 88 | V76: =U76/DAYS360(S76,T76) -> 2.0952381 | Y76: 45161 | Z76: 45233 | AA76: 1 | AB76: =AA76/DAYS360(Y76,Z76) -> 0.014285714 | AK76: 45043 | AL76: 45118 | AM76: 45 | AN76: =AM76/DAYS360(AK76,AL76) -> 0.60810811 | AQ76: 45043 | AR76: 45233 | AS76: 584 | AT76: =AS76/DAYS360(AQ76,AR76) -> 3.1397849 | AW76: 45043 | AX76: 45246 | AY76: 168 | AZ76: =AY76/DAYS360(AW76,AX76) -> 0.84422111 | BC76: 45043 | BD76: 130 | BG76: 45069 | BH76: 176 | BK76: 45118 | BL76: 127 | BO76: 45161 | BP76: 161 | BT76: 94 | CA76: =I76+O76+U76+AA76+AG76 -> 104 | CB76: =AM76-(I76+O76) -> 30 | CC76: =AS76-(I76+O76+U76+AA76) -> 480 | CD76: =CC76-CB76 -> 450 | CE76: =AY76-(I76+O76+U76+AA76+AG76) -> 64 | CF76: =CE76-CD76 -> -386 | CG76: =CB76+CD76+CF76 -> 94 | CH76: =CA76+CG76 -> 198 | CI76: =AVERAGE(J76,P76,V76,AB76,AH76) -> 0.63194826
A77: Rosemount | B77: 2023 | C77: 1312 | D77: 3 | E77: HX5 | F77: 45 day | G77: 45043 | H77: 45069 | I77: 2 | J77: =I77/DAYS360(G77,H77) -> 0.076923077 | M77: 45069 | N77: 45118 | O77: 12 | P77: =O77/DAYS360(M77,N77) -> 0.25 | S77: 45118 | T77: 45161 | U77: 30 | V77: =U77/DAYS360(S77,T77) -> 0.71428571 | Y77: 45161 | Z77: 45233 | AA77: 3 | AB77: =AA77/DAYS360(Y77,Z77) -> 0.042857143 | AK77: 45043 | AL77: 45118 | AM77: 56 | AN77: =AM77/DAYS360(AK77,AL77) -> 0.75675676 | AQ77: 45043 | AR77: 45233 | AS77: 42 | AT77: =AS77/DAYS360(AQ77,AR77) -> 0.22580645 | AW77: 45043 | AX77: 45246 | AY77: 10 | AZ77: =AY77/DAYS360(AW77,AX77) -> 0.050251256 | BC77: 45043 | BD77: 52 | BG77: 45069 | BH77: 0 | BK77: 45118 | BL77: 357 | BO77: 45161 | BP77: 80 | BT77: 89 | CA77: =I77+O77+U77+AA77+AG77 -> 47 | CB77: =AM77-(I77+O77) -> 42 | CC77: =AS77-(I77+O77+U77+AA77) -> -5 | CD77: =CC77-CB77 -> -47 | CE77: =AY77-(I77+O77+U77+AA77+AG77) -> -37 | CF77: =CE77-CD77 -> 10 | CG77: =CB77+CD77+CF77 -> 5 | CH77: =CA77+CG77 -> 52 | CI77: =AVERAGE(J77,P77,V77,AB77,AH77) -> 0.27101648
A78: Rosemount | B78: 2023 | C78: 1402 | D78: 4 | E78: HX5 | F78: 45 day | G78: 45043 | H78: 45069 | I78: 5 | J78: =I78/DAYS360(G78,H78) -> 0.19230769 | M78: 45069 | N78: 45118 | O78: 37 | P78: =O78/DAYS360(M78,N78) -> 0.77083333 | S78: 45118 | T78: 45161 | U78: 40 | V78: =U78/DAYS360(S78,T78) -> 0.95238095 | Y78: 45161 | Z78: 45233 | AA78: 45 | AB78: =AA78/DAYS360(Y78,Z78) -> 0.64285714 | AK78: 45043 | AL78: 45118 | AM78: 57 | AN78: =AM78/DAYS360(AK78,AL78) -> 0.77027027 | AQ78: 45043 | AR78: 45233 | AS78: 252 | AT78: =AS78/DAYS360(AQ78,AR78) -> 1.3548387 | AW78: 45043 | AX78: 45246 | AY78: 155 | AZ78: =AY78/DAYS360(AW78,AX78) -> 0.77889447 | BC78: 45043 | BD78: 111 | BG78: 45069 | BH78: 228 | BK78: 45118 | BO78: 45161 | BP78: 163 | BT78: 60 | CA78: =I78+O78+U78+AA78+AG78 -> 127 | CB78: =AM78-(I78+O78) -> 15 | CC78: =AS78-(I78+O78+U78+AA78) -> 125 | CD78: =CC78-CB78 -> 110 | CE78: =AY78-(I78+O78+U78+AA78+AG78) -> 28 | CF78: =CE78-CD78 -> -82 | CG78: =CB78+CD78+CF78 -> 43 | CH78: =CA78+CG78 -> 170 | CI78: =AVERAGE(J78,P78,V78,AB78,AH78) -> 0.63959478
A79: Rosemount | B79: 2023 | C79: 1405 | D79: 4 | E79: HX3 | F79: 45 day | G79: 45043 | H79: 45069 | I79: 7 | J79: =I79/DAYS360(G79,H79) -> 0.26923077 | M79: 45069 | N79: 45118 | O79: 87 | P79: =O79/DAYS360(M79,N79) -> 1.8125 | S79: 45118 | T79: 45161 | U79: 52 | V79: =U79/DAYS360(S79,T79) -> 1.2380952 | Y79: 45161 | Z79: 45233 | AA79: 29 | AB79: =AA79/DAYS360(Y79,Z79) -> 0.41428571 | AK79: 45043 | AL79: 45118 | AM79: 121 | AN79: =AM79/DAYS360(AK79,AL79) -> 1.6351351 | AQ79: 45043 | AR79: 45233 | AS79: 73 | AT79: =AS79/DAYS360(AQ79,AR79) -> 0.39247312 | AW79: 45043 | AX79: 45246 | AY79: 210 | AZ79: =AY79/DAYS360(AW79,AX79) -> 1.0552764 | BC79: 45043 | BD79: 300 | BG79: 45069 | BH79: 318 | BK79: 45118 | BL79: 203 | BO79: 45161 | BP79: 260 | BT79: 179 | CA79: =I79+O79+U79+AA79+AG79 -> 175 | CB79: =AM79-(I79+O79) -> 27 | CC79: =AS79-(I79+O79+U79+AA79) -> -102 | CD79: =CC79-CB79 -> -129 | CE79: =AY79-(I79+O79+U79+AA79+AG79) -> 35 | CF79: =CE79-CD79 -> 164 | CG79: =CB79+CD79+CF79 -> 62 | CH79: =CA79+CG79 -> 237 | CI79: =AVERAGE(J79,P79,V79,AB79,AH79) -> 0.93352793
A80: Rosemount | B80: 2023 | C80: 1410 | D80: 4 | E80: HX3 | F80: 35 day | G80: 45043 | H80: 45069 | I80: 1 | J80: =I80/DAYS360(G80,H80) -> 0.038461538 | M80: 45069 | N80: 45107 | O80: 15 | P80: =O80/DAYS360(M80,N80) -> 0.40540541 | S80: 45107 | T80: 45141 | U80: 9 | V80: =U80/DAYS360(S80,T80) -> 0.27272727 | Y80: 45141 | Z80: 45176 | AA80: 131 | AB80: =AA80/DAYS360(Y80,Z80) -> 3.8529412 | AE80: 45176 | AF80: 45233 | AG80: 23 | AH80: =AG80/DAYS360(AE80,AF80) -> 0.41071429 | AK80: 45043 | AL80: 45107 | AM80: 40 | AN80: =AM80/DAYS360(AK80,AL80) -> 0.63492063 | AQ80: 45043 | AR80: 45176 | AS80: 66 | AT80: =AS80/DAYS360(AQ80,AR80) -> 0.50769231 | AW80: 45043 | AX80: 45246 | AY80: 173 | AZ80: =AY80/DAYS360(AW80,AX80) -> 0.86934673 | BC80: 45043 | BD80: 218 | BG80: 45069 | BH80: 403 | BK80: 45107 | BL80: 147 | BO80: 45141 | BP80: 65 | BS80: 45176 | BT80: 226 | BW80: 45233 | BX80: 166 | CA80: =I80+O80+U80+AA80+AG80 -> 179 | CB80: =AM80-(I80+O80) -> 24 | CC80: =AS80-(I80+O80+U80+AA80) -> -90 | CD80: =CC80-CB80 -> -114 | CE80: =AY80-(I80+O80+U80+AA80+AG80) -> -6 | CF80: =CE80-CD80 -> 108 | CG80: =CB80+CD80+CF80 -> 18 | CH80: =CA80+CG80 -> 197 | CI80: =AVERAGE(J80,P80,V80,AB80,AH80) -> 0.99604994
A81: Rosemount | B81: 2023 | C81: 1412 | D81: 4 | E81: HX5 | F81: 35 day | G81: 45043 | H81: 45069 | I81: 17 | J81: =I81/DAYS360(G81,H81) -> 0.65384615 | M81: 45069 | N81: 45107 | O81: 1 | P81: =O81/DAYS360(M81,N81) -> 0.027027027 | S81: 45107 | T81: 45141 | U81: 61 | V81: =U81/DAYS360(S81,T81) -> 1.8484848 | Y81: 45141 | Z81: 45176 | AA81: 23 | AB81: =AA81/DAYS360(Y81,Z81) -> 0.67647059 | AE81: 45176 | AF81: 45233 | AG81: 15 | AH81: =AG81/DAYS360(AE81,AF81) -> 0.26785714 | AK81: 45043 | AL81: 45107 | AN81: =AM81/DAYS360(AK81,AL81) -> 0 | AQ81: 45043 | AR81: 45176 | AS81: 269 | AT81: =AS81/DAYS360(AQ81,AR81) -> 2.0692308 | AW81: 45043 | AX81: 45246 | AY81: 197 | AZ81: =AY81/DAYS360(AW81,AX81) -> 0.98994975 | BC81: 45043 | BD81: 134 | BG81: 45069 | BH81: 182 | BK81: 45107 | BL81: 101 | BO81: 45141 | BP81: 151 | BS81: 45176 | BT81: 238 | BW81: 45233 | BX81: 157 | CA81: =I81+O81+U81+AA81+AG81 -> 117 | CB81: =AM81-(I81+O81) -> -18 | CC81: =AS81-(I81+O81+U81+AA81) -> 167 | CD81: =CC81-CB81 -> 185 | CE81: =AY81-(I81+O81+U81+AA81+AG81) -> 80 | CF81: =CE81-CD81 -> -105 | CG81: =CB81+CD81+CF81 -> 62 | CH81: =CA81+CG81 -> 179 | CI81: =AVERAGE(J81,P81,V81,AB81,AH81) -> 0.69473715
A82: St. Paul | B82: 2023 | C82: 2101 | D82: 1 | E82: HX3 | F82: 45 day | G82: 45041 | H82: 45070 | I82: 13 | J82: =I82/DAYS360(G82,H82) -> 0.44827586 | M82: 45070 | N82: 45118 | O82: 57 | P82: =O82/DAYS360(M82,N82) -> 1.212766 | S82: 45118 | T82: 45160 | U82: 59 | V82: =U82/DAYS360(S82,T82) -> 1.4390244 | Y82: 45160 | Z82: 45233 | AA82: 19 | AB82: =AA82/DAYS360(Y82,Z82) -> 0.26760563 | AK82: 45041 | AL82: 45118 | AM82: 46 | AN82: =AM82/DAYS360(AK82,AL82) -> 0.60526316 | AQ82: 45041 | AR82: 45233 | AS82: 43 | AT82: =AS82/DAYS360(AQ82,AR82) -> 0.2287234 | AW82: 45041 | AX82: 45246 | AY82: 37 | AZ82: =AY82/DAYS360(AW82,AX82) -> 0.1840796 | BC82: 45041 | BD82: 257 | BG82: 45070 | BH82: 203 | BK82: 45118 | BL82: 211 | BO82: 45160 | BP82: 53 | BT82: 139 | CA82: =I82+O82+U82+AA82+AG82 -> 148 | CB82: =AM82-(I82+O82) -> -24 | CC82: =AS82-(I82+O82+U82+AA82) -> -105 | CD82: =CC82-CB82 -> -81 | CE82: =AY82-(I82+O82+U82+AA82+AG82) -> -111 | CF82: =CE82-CD82 -> -30 | CG82: =CB82+CD82+CF82 -> -135 | CH82: =CA82+CG82 -> 13 | CI82: =AVERAGE(J82,P82,V82,AB82,AH82) -> 0.84191796
A83: St. Paul | B83: 2023 | C83: 2104 | D83: 1 | E83: HX5 | F83: 45 day | G83: 45041 | H83: 45070 | I83: 2 | J83: =I83/DAYS360(G83,H83) -> 0.068965517 | M83: 45070 | N83: 45118 | O83: 5 | P83: =O83/DAYS360(M83,N83) -> 0.10638298 | S83: 45118 | T83: 45160 | U83: 12 | V83: =U83/DAYS360(S83,T83) -> 0.29268293 | Y83: 45160 | Z83: 45233 | AA83: 49 | AB83: =AA83/DAYS360(Y83,Z83) -> 0.69014085 | AK83: 45041 | AL83: 45118 | AM83: 13 | AN83: =AM83/DAYS360(AK83,AL83) -> 0.17105263 | AQ83: 45041 | AR83: 45233 | AS83: 12 | AT83: =AS83/DAYS360(AQ83,AR83) -> 0.063829787 | AW83: 45041 | AX83: 45246 | AY83: 180 | AZ83: =AY83/DAYS360(AW83,AX83) -> 0.89552239 | BC83: 45041 | BD83: 98 | BG83: 45070 | BH83: 186 | BK83: 45118 | BL83: 101 | BO83: 45160 | BP83: 66 | BT83: 83 | CA83: =I83+O83+U83+AA83+AG83 -> 68 | CB83: =AM83-(I83+O83) -> 6 | CC83: =AS83-(I83+O83+U83+AA83) -> -56 | CD83: =CC83-CB83 -> -62 | CE83: =AY83-(I83+O83+U83+AA83+AG83) -> 112 | CF83: =CE83-CD83 -> 174 | CG83: =CB83+CD83+CF83 -> 118 | CH83: =CA83+CG83 -> 186 | CI83: =AVERAGE(J83,P83,V83,AB83,AH83) -> 0.28954307
A84: St. Paul | B84: 2023 | C84: 2108 | D84: 1 | E84: HX3 | F84: 35 day | G84: 45041 | H84: 45070 | I84: 2 | J84: =I84/DAYS360(G84,H84) -> 0.068965517 | M84: 45070 | N84: 45107 | O84: 4 | P84: =O84/DAYS360(M84,N84) -> 0.11111111 | S84: 45107 | T84: 45141 | U84: 63 | V84: =U84/DAYS360(S84,T84) -> 1.9090909 | Y84: 45141 | Z84: 45176 | AA84: 13 | AB84: =AA84/DAYS360(Y84,Z84) -> 0.38235294 | AE84: 45176 | AF84: 45233 | AK84: 45041 | AL84: 45107 | AM84: 16 | AN84: =AM84/DAYS360(AK84,AL84) -> 0.24615385 | AQ84: 45041 | AR84: 45176 | AS84: 24 | AT84: =AS84/DAYS360(AQ84,AR84) -> 0.18181818 | AW84: 45041 | AX84: 45246 | AY84: 94 | AZ84: =AY84/DAYS360(AW84,AX84) -> 0.46766169 | BC84: 45041 | BD84: 160 | BG84: 45070 | BH84: 124 | BK84: 45107 | BL84: 351 | BO84: 45141 | BP84: 94 | BS84: 45176 | BT84: 168 | BW84: 45233 | BX84: 85 | CA84: =I84+O84+U84+AA84+AG84 -> 82 | CB84: =AM84-(I84+O84) -> 10 | CC84: =AS84-(I84+O84+U84+AA84) -> -58 | CD84: =CC84-CB84 -> -68 | CE84: =AY84-(I84+O84+U84+AA84+AG84) -> 12 | CF84: =CE84-CD84 -> 80 | CG84: =CB84+CD84+CF84 -> 22 | CH84: =CA84+CG84 -> 104 | CI84: =AVERAGE(J84,P84,V84,AB84,AH84) -> 0.61788012
A85: St. Paul | B85: 2023 | C85: 2110 | D85: 1 | E85: HX5 | F85: 35 day | G85: 45041 | H85: 45070 | I85: 1 | J85: =I85/DAYS360(G85,H85) -> 0.034482759 | M85: 45070 | N85: 45107 | O85: 3 | P85: =O85/DAYS360(M85,N85) -> 0.083333333 | S85: 45107 | T85: 45141 | U85: 19 | V85: =U85/DAYS360(S85,T85) -> 0.57575758 | Y85: 45141 | Z85: 45176 | AA85: 5 | AB85: =AA85/DAYS360(Y85,Z85) -> 0.14705882 | AE85: 45176 | AF85: 45233 | AG85: 26 | AH85: =AG85/DAYS360(AE85,AF85) -> 0.46428571 | AK85: 45041 | AL85: 45107 | AM85: 14 | AN85: =AM85/DAYS360(AK85,AL85) -> 0.21538462 | AQ85: 45041 | AR85: 45176 | AS85: 4 | AT85: =AS85/DAYS360(AQ85,AR85) -> 0.03030303 | AW85: 45041 | AX85: 45246 | AY85: 58 | AZ85: =AY85/DAYS360(AW85,AX85) -> 0.28855721 | BC85: 45041 | BD85: 278 | BG85: 45070 | BH85: 102 | BK85: 45107 | BL85: 100 | BO85: 45141 | BP85: 56 | BS85: 45176 | BT85: 139 | BW85: 45233 | BX85: 349 | CA85: =I85+O85+U85+AA85+AG85 -> 54 | CB85: =AM85-(I85+O85) -> 10 | CC85: =AS85-(I85+O85+U85+AA85) -> -24 | CD85: =CC85-CB85 -> -34 | CE85: =AY85-(I85+O85+U85+AA85+AG85) -> 4 | CF85: =CE85-CD85 -> 38 | CG85: =CB85+CD85+CF85 -> 14 | CH85: =CA85+CG85 -> 68 | CI85: =AVERAGE(J85,P85,V85,AB85,AH85) -> 0.26098364
A86: St. Paul | B86: 2023 | C86: 2204 | D86: 2 | E86: HX5 | F86: 45 day | G86: 45041 | H86: 45070 | I86: 2 | J86: =I86/DAYS360(G86,H86) -> 0.068965517 | M86: 45070 | N86: 45118 | P86: =O86/DAYS360(M86,N86) -> 0 | S86: 45118 | T86: 45160 | U86: 24 | V86: =U86/DAYS360(S86,T86) -> 0.58536585 | Y86: 45160 | Z86: 45233 | AA86: 30 | AB86: =AA86/DAYS360(Y86,Z86) -> 0.42253521 | AK86: 45041 | AL86: 45118 | AM86: 2 | AN86: =AM86/DAYS360(AK86,AL86) -> 0.026315789 | AQ86: 45041 | AR86: 45233 | AS86: 59 | AT86: =AS86/DAYS360(AQ86,AR86) -> 0.31382979 | AW86: 45041 | AX86: 45246 | AY86: 57 | AZ86: =AY86/DAYS360(AW86,AX86) -> 0.28358209 | BC86: 45041 | BD86: 116 | BG86: 45070 | BH86: 115 | BK86: 45118 | BL86: 98 | BO86: 45160 | BP86: 86 | BT86: 194 | CA86: =I86+O86+U86+AA86+AG86 -> 56 | CB86: =AM86-(I86+O86) -> 0 | CC86: =AS86-(I86+O86+U86+AA86) -> 3 | CD86: =CC86-CB86 -> 3 | CE86: =AY86-(I86+O86+U86+AA86+AG86) -> 1 | CF86: =CE86-CD86 -> -2 | CG86: =CB86+CD86+CF86 -> 1 | CH86: =CA86+CG86 -> 57 | CI86: =AVERAGE(J86,P86,V86,AB86,AH86) -> 0.26921665
A87: St. Paul | B87: 2023 | C87: 2205 | D87: 2 | E87: HX3 | F87: 45 day | G87: 45041 | H87: 45070 | I87: 18 | J87: =I87/DAYS360(G87,H87) -> 0.62068966 | M87: 45070 | N87: 45118 | O87: 44 | P87: =O87/DAYS360(M87,N87) -> 0.93617021 | S87: 45118 | T87: 45160 | U87: 28 | V87: =U87/DAYS360(S87,T87) -> 0.68292683 | Y87: 45160 | Z87: 45233 | AA87: 53 | AB87: =AA87/DAYS360(Y87,Z87) -> 0.74647887 | AK87: 45041 | AL87: 45118 | AM87: 41 | AN87: =AM87/DAYS360(AK87,AL87) -> 0.53947368 | AQ87: 45041 | AR87: 45233 | AS87: 44 | AT87: =AS87/DAYS360(AQ87,AR87) -> 0.23404255 | AW87: 45041 | AX87: 45246 | AY87: 19 | AZ87: =AY87/DAYS360(AW87,AX87) -> 0.094527363 | BC87: 45041 | BD87: 235 | BG87: 45070 | BH87: 98 | BK87: 45118 | BL87: 156 | BO87: 45160 | BP87: 54 | BT87: 123 | CA87: =I87+O87+U87+AA87+AG87 -> 143 | CB87: =AM87-(I87+O87) -> -21 | CC87: =AS87-(I87+O87+U87+AA87) -> -99 | CD87: =CC87-CB87 -> -78 | CE87: =AY87-(I87+O87+U87+AA87+AG87) -> -124 | CF87: =CE87-CD87 -> -46 | CG87: =CB87+CD87+CF87 -> -145 | CH87: =CA87+CG87 -> -2 | CI87: =AVERAGE(J87,P87,V87,AB87,AH87) -> 0.74656639
A88: St. Paul | B88: 2023 | C88: 2208 | D88: 2 | E88: HX5 | F88: 35 day | G88: 45041 | H88: 45070 | I88: 2 | J88: =I88/DAYS360(G88,H88) -> 0.068965517 | M88: 45070 | N88: 45107 | O88: 46 | P88: =O88/DAYS360(M88,N88) -> 1.2777778 | S88: 45107 | T88: 45141 | U88: 15 | V88: =U88/DAYS360(S88,T88) -> 0.45454545 | Y88: 45141 | Z88: 45176 | AA88: 9 | AB88: =AA88/DAYS360(Y88,Z88) -> 0.26470588 | AE88: 45176 | AF88: 45233 | AG88: 12 | AH88: =AG88/DAYS360(AE88,AF88) -> 0.21428571 | AK88: 45041 | AL88: 45107 | AM88: 49 | AN88: =AM88/DAYS360(AK88,AL88) -> 0.75384615 | AQ88: 45041 | AR88: 45176 | AS88: 56 | AT88: =AS88/DAYS360(AQ88,AR88) -> 0.42424242 | AW88: 45041 | AX88: 45246 | AY88: 50 | AZ88: =AY88/DAYS360(AW88,AX88) -> 0.24875622 | BC88: 45041 | BD88: 125 | BG88: 45070 | BH88: 135 | BK88: 45107 | BL88: 97 | BO88: 45141 | BP88: 61 | BS88: 45176 | BT88: 102 | BW88: 45233 | BX88: 278 | CA88: =I88+O88+U88+AA88+AG88 -> 84 | CB88: =AM88-(I88+O88) -> 1 | CC88: =AS88-(I88+O88+U88+AA88) -> -16 | CD88: =CC88-CB88 -> -17 | CE88: =AY88-(I88+O88+U88+AA88+AG88) -> -34 | CF88: =CE88-CD88 -> -17 | CG88: =CB88+CD88+CF88 -> -33 | CH88: =CA88+CG88 -> 51 | CI88: =AVERAGE(J88,P88,V88,AB88,AH88) -> 0.45605607
A89: St. Paul | B89: 2023 | C89: 2212 | D89: 2 | E89: HX3 | F89: 35 day | G89: 45041 | H89: 45070 | I89: 6 | J89: =I89/DAYS360(G89,H89) -> 0.20689655 | M89: 45070 | N89: 45107 | O89: 24 | P89: =O89/DAYS360(M89,N89) -> 0.66666667 | S89: 45107 | T89: 45141 | U89: 52 | V89: =U89/DAYS360(S89,T89) -> 1.5757576 | Y89: 45141 | Z89: 45176 | AA89: 11 | AB89: =AA89/DAYS360(Y89,Z89) -> 0.32352941 | AE89: 45176 | AF89: 45233 | AG89: 8 | AH89: =AG89/DAYS360(AE89,AF89) -> 0.14285714 | AK89: 45041 | AL89: 45107 | AM89: 205 | AN89: =AM89/DAYS360(AK89,AL89) -> 3.1538462 | AQ89: 45041 | AR89: 45176 | AS89: 56 | AT89: =AS89/DAYS360(AQ89,AR89) -> 0.42424242 | AW89: 45041 | AX89: 45246 | AY89: 47 | AZ89: =AY89/DAYS360(AW89,AX89) -> 0.23383085 | BC89: 45041 | BD89: 194 | BG89: 45070 | BH89: 174 | BK89: 45107 | BO89: 45141 | BP89: 191 | BS89: 45176 | BT89: 101 | BW89: 45233 | BX89: 59 | CA89: =I89+O89+U89+AA89+AG89 -> 101 | CB89: =AM89-(I89+O89) -> 175 | CC89: =AS89-(I89+O89+U89+AA89) -> -37 | CD89: =CC89-CB89 -> -212 | CE89: =AY89-(I89+O89+U89+AA89+AG89) -> -54 | CF89: =CE89-CD89 -> 158 | CG89: =CB89+CD89+CF89 -> 121 | CH89: =CA89+CG89 -> 222 | CI89: =AVERAGE(J89,P89,V89,AB89,AH89) -> 0.58314147
A90: St. Paul | B90: 2023 | C90: 2302 | D90: 3 | E90: HX5 | F90: 35 day | G90: 45041 | H90: 45070 | I90: 3 | J90: =I90/DAYS360(G90,H90) -> 0.10344828 | M90: 45070 | N90: 45107 | O90: 9 | P90: =O90/DAYS360(M90,N90) -> 0.25 | S90: 45107 | T90: 45141 | U90: 16 | V90: =U90/DAYS360(S90,T90) -> 0.48484848 | Y90: 45141 | Z90: 45176 | AA90: 7 | AB90: =AA90/DAYS360(Y90,Z90) -> 0.20588235 | AE90: 45176 | AF90: 45233 | AG90: 2 | AH90: =AG90/DAYS360(AE90,AF90) -> 0.035714286 | AK90: 45041 | AL90: 45107 | AM90: 18 | AN90: =AM90/DAYS360(AK90,AL90) -> 0.27692308 | AQ90: 45041 | AR90: 45176 | AS90: 41 | AT90: =AS90/DAYS360(AQ90,AR90) -> 0.31060606 | AW90: 45041 | AX90: 45246 | AY90: 61 | AZ90: =AY90/DAYS360(AW90,AX90) -> 0.30348259 | BC90: 45041 | BD90: 62 | BG90: 45070 | BH90: 92 | BK90: 45107 | BL90: 75 | BO90: 45141 | BP90: 97 | BS90: 45176 | BT90: 96 | BW90: 45233 | BX90: 216 | CA90: =I90+O90+U90+AA90+AG90 -> 37 | CB90: =AM90-(I90+O90) -> 6 | CC90: =AS90-(I90+O90+U90+AA90) -> 6 | CD90: =CC90-CB90 -> 0 | CE90: =AY90-(I90+O90+U90+AA90+AG90) -> 24 | CF90: =CE90-CD90 -> 24 | CG90: =CB90+CD90+CF90 -> 30 | CH90: =CA90+CG90 -> 67 | CI90: =AVERAGE(J90,P90,V90,AB90,AH90) -> 0.21597868
A91: St. Paul | B91: 2023 | C91: 2303 | D91: 3 | E91: HX3 | F91: 35 day | G91: 45041 | H91: 45070 | I91: 5 | J91: =I91/DAYS360(G91,H91) -> 0.17241379 | M91: 45070 | N91: 45107 | O91: 1 | P91: =O91/DAYS360(M91,N91) -> 0.027777778 | S91: 45107 | T91: 45141 | U91: 71 | V91: =U91/DAYS360(S91,T91) -> 2.1515152 | Y91: 45141 | Z91: 45176 | AA91: 45 | AB91: =AA91/DAYS360(Y91,Z91) -> 1.3235294 | AE91: 45176 | AF91: 45233 | AG91: 4 | AH91: =AG91/DAYS360(AE91,AF91) -> 0.071428571 | AK91: 45041 | AL91: 45107 | AM91: 12 | AN91: =AM91/DAYS360(AK91,AL91) -> 0.18461538 | AQ91: 45041 | AR91: 45176 | AS91: 61 | AT91: =AS91/DAYS360(AQ91,AR91) -> 0.46212121 | AW91: 45041 | AX91: 45246 | AY91: 49 | AZ91: =AY91/DAYS360(AW91,AX91) -> 0.24378109 | BC91: 45041 | BD91: 100 | BG91: 45070 | BH91: 105 | BK91: 45107 | BL91: 92 | BO91: 45141 | BP91: 114 | BS91: 45176 | BT91: 171 | BW91: 45233 | BX91: 282 | CA91: =I91+O91+U91+AA91+AG91 -> 126 | CB91: =AM91-(I91+O91) -> 6 | CC91: =AS91-(I91+O91+U91+AA91) -> -61 | CD91: =CC91-CB91 -> -67 | CE91: =AY91-(I91+O91+U91+AA91+AG91) -> -77 | CF91: =CE91-CD91 -> -10 | CG91: =CB91+CD91+CF91 -> -71 | CH91: =CA91+CG91 -> 55 | CI91: =AVERAGE(J91,P91,V91,AB91,AH91) -> 0.74933294
A92: St. Paul | B92: 2023 | C92: 2309 | D92: 3 | E92: HX3 | F92: 45 day | G92: 45041 | H92: 45070 | I92: 7 | J92: =I92/DAYS360(G92,H92) -> 0.24137931 | M92: 45070 | N92: 45118 | O92: 11 | P92: =O92/DAYS360(M92,N92) -> 0.23404255 | S92: 45118 | T92: 45160 | U92: 39 | V92: =U92/DAYS360(S92,T92) -> 0.95121951 | Y92: 45160 | Z92: 45233 | AA92: 16 | AB92: =AA92/DAYS360(Y92,Z92) -> 0.22535211 | AK92: 45041 | AL92: 45118 | AM92: 12 | AN92: =AM92/DAYS360(AK92,AL92) -> 0.15789474 | AQ92: 45041 | AR92: 45233 | AS92: 36 | AT92: =AS92/DAYS360(AQ92,AR92) -> 0.19148936 | AW92: 45041 | AX92: 45246 | AY92: 214 | AZ92: =AY92/DAYS360(AW92,AX92) -> 1.0646766 | BC92: 45041 | BD92: 102 | BG92: 45070 | BH92: 238 | BK92: 45118 | BL92: 153 | BO92: 45160 | BP92: 144 | CA92: =I92+O92+U92+AA92+AG92 -> 73 | CB92: =AM92-(I92+O92) -> -6 | CC92: =AS92-(I92+O92+U92+AA92) -> -37 | CD92: =CC92-CB92 -> -31 | CE92: =AY92-(I92+O92+U92+AA92+AG92) -> 141 | CF92: =CE92-CD92 -> 172 | CG92: =CB92+CD92+CF92 -> 135 | CH92: =CA92+CG92 -> 208 | CI92: =AVERAGE(J92,P92,V92,AB92,AH92) -> 0.41299837
A93: St. Paul | B93: 2023 | C93: 2312 | D93: 3 | E93: HX5 | F93: 45 day | G93: 45041 | H93: 45070 | I93: 9 | J93: =I93/DAYS360(G93,H93) -> 0.31034483 | M93: 45070 | N93: 45118 | O93: 35 | P93: =O93/DAYS360(M93,N93) -> 0.74468085 | S93: 45118 | T93: 45160 | U93: 23 | V93: =U93/DAYS360(S93,T93) -> 0.56097561 | Y93: 45160 | Z93: 45233 | AB93: =AA93/DAYS360(Y93,Z93) -> 0 | AK93: 45041 | AL93: 45118 | AM93: 62 | AN93: =AM93/DAYS360(AK93,AL93) -> 0.81578947 | AQ93: 45041 | AR93: 45233 | AS93: 88 | AT93: =AS93/DAYS360(AQ93,AR93) -> 0.46808511 | AW93: 45041 | AX93: 45246 | AY93: 121 | AZ93: =AY93/DAYS360(AW93,AX93) -> 0.60199005 | BC93: 45041 | BD93: 307 | BG93: 45070 | BH93: 74 | BK93: 45118 | BL93: 163 | BO93: 45160 | BP93: 61 | BT93: 104 | CA93: =I93+O93+U93+AA93+AG93 -> 67 | CB93: =AM93-(I93+O93) -> 18 | CC93: =AS93-(I93+O93+U93+AA93) -> 21 | CD93: =CC93-CB93 -> 3 | CE93: =AY93-(I93+O93+U93+AA93+AG93) -> 54 | CF93: =CE93-CD93 -> 51 | CG93: =CB93+CD93+CF93 -> 72 | CH93: =CA93+CG93 -> 139 | CI93: =AVERAGE(J93,P93,V93,AB93,AH93) -> 0.40400032
A94: St. Paul | B94: 2023 | C94: 2404 | D94: 4 | E94: HX5 | F94: 45 day | G94: 45041 | H94: 45070 | I94: 1 | J94: =I94/DAYS360(G94,H94) -> 0.034482759 | M94: 45070 | N94: 45118 | O94: 5 | P94: =O94/DAYS360(M94,N94) -> 0.10638298 | S94: 45118 | T94: 45160 | U94: 52 | V94: =U94/DAYS360(S94,T94) -> 1.2682927 | Y94: 45160 | Z94: 45233 | AA94: 3 | AB94: =AA94/DAYS360(Y94,Z94) -> 0.042253521 | AK94: 45041 | AL94: 45118 | AM94: 2 | AN94: =AM94/DAYS360(AK94,AL94) -> 0.026315789 | AQ94: 45041 | AR94: 45233 | AS94: 8 | AT94: =AS94/DAYS360(AQ94,AR94) -> 0.042553191 | AW94: 45041 | AX94: 45246 | AY94: 8 | AZ94: =AY94/DAYS360(AW94,AX94) -> 0.039800995 | BC94: 45041 | BD94: 64 | BG94: 45070 | BH94: 102 | BK94: 45118 | BL94: 68 | BO94: 45160 | BP94: 116 | BT94: 298 | CA94: =I94+O94+U94+AA94+AG94 -> 61 | CB94: =AM94-(I94+O94) -> -4 | CC94: =AS94-(I94+O94+U94+AA94) -> -53 | CD94: =CC94-CB94 -> -49 | CE94: =AY94-(I94+O94+U94+AA94+AG94) -> -53 | CF94: =CE94-CD94 -> -4 | CG94: =CB94+CD94+CF94 -> -57 | CH94: =CA94+CG94 -> 4 | CI94: =AVERAGE(J94,P94,V94,AB94,AH94) -> 0.36285299
A95: St. Paul | B95: 2023 | C95: 2406 | D95: 4 | E95: HX3 | F95: 45 day | G95: 45041 | H95: 45070 | I95: 1 | J95: =I95/DAYS360(G95,H95) -> 0.034482759 | M95: 45070 | N95: 45118 | O95: 24 | P95: =O95/DAYS360(M95,N95) -> 0.5106383 | S95: 45118 | T95: 45160 | U95: 66 | V95: =U95/DAYS360(S95,T95) -> 1.6097561 | Y95: 45160 | Z95: 45233 | AA95: 59 | AB95: =AA95/DAYS360(Y95,Z95) -> 0.83098592 | AK95: 45041 | AL95: 45118 | AM95: 44 | AN95: =AM95/DAYS360(AK95,AL95) -> 0.57894737 | AQ95: 45041 | AR95: 45233 | AS95: 161 | AT95: =AS95/DAYS360(AQ95,AR95) -> 0.85638298 | AW95: 45041 | AX95: 45246 | AY95: 218 | AZ95: =AY95/DAYS360(AW95,AX95) -> 1.0845771 | BC95: 45041 | BD95: 98 | BG95: 45070 | BH95: 147 | BK95: 45118 | BL95: 170 | BO95: 45160 | BP95: 175 | BT95: 165 | CA95: =I95+O95+U95+AA95+AG95 -> 150 | CB95: =AM95-(I95+O95) -> 19 | CC95: =AS95-(I95+O95+U95+AA95) -> 11 | CD95: =CC95-CB95 -> -8 | CE95: =AY95-(I95+O95+U95+AA95+AG95) -> 68 | CF95: =CE95-CD95 -> 76 | CG95: =CB95+CD95+CF95 -> 87 | CH95: =CA95+CG95 -> 237 | CI95: =AVERAGE(J95,P95,V95,AB95,AH95) -> 0.74646577
A96: St. Paul | B96: 2023 | C96: 2407 | D96: 4 | E96: HX3 | F96: 35 day | G96: 45041 | H96: 45070 | I96: 13 | J96: =I96/DAYS360(G96,H96) -> 0.44827586 | M96: 45070 | N96: 45107 | O96: 7 | P96: =O96/DAYS360(M96,N96) -> 0.19444444 | S96: 45107 | T96: 45141 | U96: 34 | V96: =U96/DAYS360(S96,T96) -> 1.030303 | Y96: 45141 | Z96: 45176 | AA96: 12 | AB96: =AA96/DAYS360(Y96,Z96) -> 0.35294118 | AE96: 45176 | AF96: 45233 | AG96: 35 | AH96: =AG96/DAYS360(AE96,AF96) -> 0.625 | AK96: 45041 | AL96: 45107 | AM96: 37 | AN96: =AM96/DAYS360(AK96,AL96) -> 0.56923077 | AQ96: 45041 | AR96: 45176 | AS96: 29 | AT96: =AS96/DAYS360(AQ96,AR96) -> 0.21969697 | AW96: 45041 | AX96: 45246 | AY96: 83 | AZ96: =AY96/DAYS360(AW96,AX96) -> 0.41293532 | BC96: 45041 | BD96: 749 | BG96: 45070 | BH96: 192 | BK96: 45107 | BL96: 136 | BO96: 45141 | BP96: 113 | BS96: 45176 | BT96: 179 | BW96: 45233 | BX96: 358 | CA96: =I96+O96+U96+AA96+AG96 -> 101 | CB96: =AM96-(I96+O96) -> 17 | CC96: =AS96-(I96+O96+U96+AA96) -> -37 | CD96: =CC96-CB96 -> -54 | CE96: =AY96-(I96+O96+U96+AA96+AG96) -> -18 | CF96: =CE96-CD96 -> 36 | CG96: =CB96+CD96+CF96 -> -1 | CH96: =CA96+CG96 -> 100 | CI96: =AVERAGE(J96,P96,V96,AB96,AH96) -> 0.5301929
A97: St. Paul | B97: 2023 | C97: 2412 | D97: 4 | E97: HX5 | F97: 35 day | G97: 45041 | H97: 45070 | I97: 5 | J97: =I97/DAYS360(G97,H97) -> 0.17241379 | M97: 45070 | N97: 45107 | O97: 6 | P97: =O97/DAYS360(M97,N97) -> 0.16666667 | S97: 45107 | T97: 45141 | U97: 32 | V97: =U97/DAYS360(S97,T97) -> 0.96969697 | Y97: 45141 | Z97: 45176 | AA97: 3 | AB97: =AA97/DAYS360(Y97,Z97) -> 0.088235294 | AE97: 45176 | AF97: 45233 | AG97: 35 | AH97: =AG97/DAYS360(AE97,AF97) -> 0.625 | AK97: 45041 | AL97: 45107 | AM97: 31 | AN97: =AM97/DAYS360(AK97,AL97) -> 0.47692308 | AQ97: 45041 | AR97: 45176 | AS97: 82 | AT97: =AS97/DAYS360(AQ97,AR97) -> 0.62121212 | AW97: 45041 | AX97: 45246 | AY97: 46 | AZ97: =AY97/DAYS360(AW97,AX97) -> 0.22885572 | BC97: 45041 | BD97: 158 | BG97: 45070 | BH97: 192 | BK97: 45107 | BL97: 131 | BO97: 45141 | BP97: 96 | BS97: 45176 | BT97: 125 | BW97: 45233 | BX97: 163 | CA97: =I97+O97+U97+AA97+AG97 -> 81 | CB97: =AM97-(I97+O97) -> 20 | CC97: =AS97-(I97+O97+U97+AA97) -> 36 | CD97: =CC97-CB97 -> 16 | CE97: =AY97-(I97+O97+U97+AA97+AG97) -> -35 | CF97: =CE97-CD97 -> -51 | CG97: =CB97+CD97+CF97 -> -15 | CH97: =CA97+CG97 -> 66 | CI97: =AVERAGE(J97,P97,V97,AB97,AH97) -> 0.40440254
A98: Rosemount | B98: 2024 | C98: 1103 | D98: 1 | E98: HX5 | F98: 45 day | G98: 45405 | H98: 45449 | I98: 221 | J98: =I98/DAYS360(G98,H98) -> 5.1395349 | M98: 45449 | N98: 45491 | O98: 19 | P98: =O98/DAYS360(M98,N98) -> 0.45238095 | S98: 45491 | T98: 45532 | U98: 589 | V98: =U98/DAYS360(S98,T98) -> 14.725 | Y98: 45532 | Z98: 45587 | AA98: 11 | AB98: =AA98/DAYS360(Y98,Z98) -> 0.2037037 | AK98: 45405 | AL98: 45491 | AM98: 3 | AN98: =AM98/DAYS360(AK98,AL98) -> 0.035294118 | AQ98: 45405 | AR98: 45587 | AS98: 29 | AT98: =AS98/DAYS360(AQ98,AR98) -> 0.16201117 | AW98: 45405 | AX98: 45587 | AY98: 39 | AZ98: =AY98/DAYS360(AW98,AX98) -> 0.21787709 | BC98: 45405 | BD98: 314 | BG98: 45449 | BH98: 657 | BK98: 45491 | BL98: 30 | BO98: 45532 | BP98: 94 | BS98: 45587 | BT98: 1772 | CA98: =I98+O98+U98+AA98+AG98 -> 840 | CB98: =AM98-(I98+O98) -> -237 | CC98: =AS98-(I98+O98+U98+AA98) -> -811 | CD98: =CC98-CB98 -> -574 | CE98: =AY98-(I98+O98+U98+AA98+AG98) -> -801 | CF98: =CE98-CD98 -> -227 | CG98: =CB98+CD98+CF98 -> -1038 | CH98: =CA98+CG98 -> -198 | CI98: =AVERAGE(J98,P98,V98,AB98,AH98) -> 5.1301549
A99: Rosemount | B99: 2024 | C99: 1106 | D99: 1 | E99: HX3 | F99: 45 day | G99: 45405 | H99: 45449 | I99: 31 | J99: =I99/DAYS360(G99,H99) -> 0.72093023 | M99: 45449 | N99: 45491 | O99: 51 | P99: =O99/DAYS360(M99,N99) -> 1.2142857 | S99: 45491 | T99: 45532 | U99: 62 | V99: =U99/DAYS360(S99,T99) -> 1.55 | Y99: 45532 | Z99: 45587 | AA99: 18 | AB99: =AA99/DAYS360(Y99,Z99) -> 0.33333333 | AK99: 45405 | AL99: 45491 | AM99: 39 | AN99: =AM99/DAYS360(AK99,AL99) -> 0.45882353 | AQ99: 45405 | AR99: 45587 | AS99: 1003 | AT99: =AS99/DAYS360(AQ99,AR99) -> 5.603352 | AW99: 45405 | AX99: 45587 | AY99: 74 | AZ99: =AY99/DAYS360(AW99,AX99) -> 0.41340782 | BC99: 45405 | BD99: 307 | BG99: 45449 | BH99: 197 | BK99: 45491 | BL99: 14 | BO99: 45532 | BP99: 121 | BS99: 45587 | BT99: 480 | CA99: =I99+O99+U99+AA99+AG99 -> 162 | CB99: =AM99-(I99+O99) -> -43 | CC99: =AS99-(I99+O99+U99+AA99) -> 841 | CD99: =CC99-CB99 -> 884 | CE99: =AY99-(I99+O99+U99+AA99+AG99) -> -88 | CF99: =CE99-CD99 -> -972 | CG99: =CB99+CD99+CF99 -> -131 | CH99: =CA99+CG99 -> 31 | CI99: =AVERAGE(J99,P99,V99,AB99,AH99) -> 0.95463732
A100: Rosemount | B100: 2024 | C100: 1108 | D100: 1 | E100: HX5 | F100: 35 day | G100: 45405 | H100: 45449 | I100: 27 | J100: =I100/DAYS360(G100,H100) -> 0.62790698 | M100: 45449 | N100: 45482 | P100: =O100/DAYS360(M100,N100) -> 0 | S100: 45482 | T100: 45517 | U100: 40 | V100: =U100/DAYS360(S100,T100) -> 1.1764706 | Y100: 45517 | Z100: 45553 | AA100: 20 | AB100: =AA100/DAYS360(Y100,Z100) -> 0.57142857 | AE100: 45553 | AF100: 45587 | AG100: 121 | AH100: =AG100/DAYS360(AE100,AF100) -> 3.5588235 | AK100: 45405 | AL100: 45482 | AM100: 4 | AN100: =AM100/DAYS360(AK100,AL100) -> 0.052631579 | AQ100: 45405 | AR100: 45553 | AS100: 5 | AT100: =AS100/DAYS360(AQ100,AR100) -> 0.034482759 | AW100: 45405 | AX100: 45587 | AY100: 145 | AZ100: =AY100/DAYS360(AW100,AX100) -> 0.81005587 | BC100: 45405 | BD100: 1451 | BG100: 45449 | BH100: 82 | BK100: 45482 | BL100: 42 | BO100: 45517 | BP100: 65 | BS100: 45553 | BT100: 435 | BW100: 45587 | BX100: 69 | CA100: =I100+O100+U100+AA100+AG100 -> 208 | CB100: =AM100-(I100+O100) -> -23 | CC100: =AS100-(I100+O100+U100+AA100) -> -82 | CD100: =CC100-CB100 -> -59 | CE100: =AY100-(I100+O100+U100+AA100+AG100) -> -63 | CF100: =CE100-CD100 -> -4 | CG100: =CB100+CD100+CF100 -> -86 | CH100: =CA100+CG100 -> 122 | CI100: =AVERAGE(J100,P100,V100,AB100,AH100) -> 1.1869259
...

Sheet RIC_Working_2024
A1: location | B1: year | C1: plot | D1: rep | E1: var | F1: harv_trt | G1: STRI1_install | H1: STRI1_extract | I1: STRI2_install | J1: STRI2_extract | K1: STRI3_install | L1: STRI3_extract | M1: STRI4_install | N1: STRI4_extract | O1: STRI5_install | P1: STRI5_extract | Q1: LTRI1_install | R1: LTRI1_extract | S1: LTRI2_install | T1: LTRI2_extract | U1: LTRI3_install | V1: LTRI3_extract | W1: SS0_extract | X1: SS1_extract | Y1: SS2_extract | Z1: SS3_extract | AA1: SS4_extract | AB1: SS5_extract
A2: Rosemount | B2: 2023 | C2: 1103 | D2: 1 | E2: HX5 | F2: 45 day | G2: 45405 | H2: 45449 | I2: 45449 | J2: 45491 | K2: 45491 | L2: 45532 | M2: 45532 | N2: 45587 | Q2: 45405 | R2: 45491 | S2: 45405 | T2: 45587 | U2: 45405 | W2: 45405 | X2: 45449 | Y2: 45491 | Z2: 45532 | AA2: 45587
A3: Rosemount | B3: 2023 | C3: 1106 | D3: 1 | E3: HX3 | F3: 45 day | G3: 45405 | H3: 45449 | I3: 45449 | J3: 45491 | K3: 45491 | L3: 45532 | M3: 45532 | N3: 45587 | Q3: 45405 | R3: 45491 | S3: 45405 | T3: 45587 | U3: 45405 | W3: 45405 | X3: 45449 | Y3: 45491 | Z3: 45532 | AA3: 45587
A4: Rosemount | B4: 2023 | C4: 1108 | D4: 1 | E4: HX5 | F4: 35 day | G4: 45405 | H4: 45449 | I4: 45449 | J4: 45482 | K4: 45482 | L4: 45517 | M4: 45517 | N4: 45553 | O4: 45553 | P4: 45587 | Q4: 45405 | R4: 45482 | S4: 45405 | T4: 45553 | U4: 45405 | V4: 45587 | W4: 45405 | X4: 45449 | Y4: 45482 | Z4: 45517 | AA4: 45553 | AB4: 45587
A5: Rosemount | B5: 2023 | C5: 1112 | D5: 1 | E5: HX3 | F5: 35 day | G5: 45405 | H5: 45449 | I5: 45449 | J5: 45482 | K5: 45482 | L5: 45517 | M5: 45517 | N5: 45553 | O5: 45553 | P5: 45587 | Q5: 45405 | R5: 45482 | S5: 45405 | T5: 45553 | U5: 45405 | V5: 45587 | W5: 45405 | X5: 45449 | Y5: 45482 | Z5: 45517 | AA5: 45553 | AB5: 45587
A6: Rosemount | B6: 2023 | C6: 1205 | D6: 2 | E6: HX5 | F6: 45 day | G6: 45405 | H6: 45449 | I6: 45449 | J6: 45491 | K6: 45491 | L6: 45532 | M6: 45532 | N6: 45587 | Q6: 45405 | R6: 45491 | S6: 45405 | T6: 45587 | U6: 45405 | W6: 45405 | X6: 45449 | Y6: 45491 | Z6: 45532 | AA6: 45587
A7: Rosemount | B7: 2023 | C7: 1206 | D7: 2 | E7: HX3 | F7: 45 day | G7: 45405 | H7: 45449 | I7: 45449 | J7: 45491 | K7: 45491 | L7: 45532 | M7: 45532 | N7: 45587 | Q7: 45405 | R7: 45491 | S7: 45405 | T7: 45587 | U7: 45405 | W7: 45405 | X7: 45449 | Y7: 45491 | Z7: 45532 | AA7: 45587
A8: Rosemount | B8: 2023 | C8: 1207 | D8: 2 | E8: HX5 | F8: 35 day | G8: 45405 | H8: 45449 | I8: 45449 | J8: 45482 | K8: 45482 | L8: 45517 | M8: 45517 | N8: 45553 | O8: 45553 | P8: 45587 | Q8: 45405 | R8: 45482 | S8: 45405 | T8: 45553 | U8: 45405 | V8: 45587 | W8: 45405 | X8: 45449 | Y8: 45482 | Z8: 45517 | AA8: 45553 | AB8: 45587
A9: Rosemount | B9: 2023 | C9: 1209 | D9: 2 | E9: HX3 | F9: 35 day | G9: 45405 | H9: 45449 | I9: 45449 | J9: 45482 | K9: 45482 | L9: 45517 | M9: 45517 | N9: 45553 | O9: 45553 | P9: 45587 | Q9: 45405 | R9: 45482 | S9: 45405 | T9: 45553 | U9: 45405 | V9: 45587 | W9: 45405 | X9: 45449 | Y9: 45482 | Z9: 45517 | AA9: 45553 | AB9: 45587
A10: Rosemount | B10: 2023 | C10: 1304 | D10: 3 | E10: HX3 | F10: 35 day | G10: 45405 | H10: 45449 | I10: 45449 | J10: 45482 | K10: 45482 | L10: 45517 | M10: 45517 | N10: 45553 | O10: 45553 | P10: 45587 | Q10: 45405 | R10: 45482 | S10: 45405 | T10: 45553 | U10: 45405 | V10: 45587 | W10: 45405 | X10: 45449 | Y10: 45482 | Z10: 45517 | AA10: 45553 | AB10: 45587
A11: Rosemount | B11: 2023 | C11: 1305 | D11: 3 | E11: HX5 | F11: 35 day | G11: 45405 | H11: 45449 | I11: 45449 | J11: 45482 | K11: 45482 | L11: 45517 | M11: 45517 | N11: 45553 | O11: 45553 | P11: 45587 | Q11: 45405 | R11: 45482 | S11: 45405 | T11: 45553 | U11: 45405 | V11: 45587 | W11: 45405 | X11: 45449 | Y11: 45482 | Z11: 45517 | AA11: 45553 | AB11: 45587
A12: Rosemount | B12: 2023 | C12: 1309 | D12: 3 | E12: HX3 | F12: 45 day | G12: 45405 | H12: 45449 | I12: 45449 | J12: 45491 | K12: 45491 | L12: 45532 | M12: 45532 | N12: 45587 | Q12: 45405 | R12: 45491 | S12: 45405 | T12: 45587 | U12: 45405 | W12: 45405 | X12: 45449 | Y12: 45491 | Z12: 45532 | AA12: 45587
A13: Rosemount | B13: 2023 | C13: 1312 | D13: 3 | E13: HX5 | F13: 45 day | G13: 45405 | H13: 45449 | I13: 45449 | J13: 45491 | K13: 45491 | L13: 45532 | M13: 45532 | N13: 45587 | Q13: 45405 | R13: 45491 | S13: 45405 | T13: 45587 | U13: 45405 | W13: 45405 | X13: 45449 | Y13: 45491 | Z13: 45532 | AA13: 45587
A14: Rosemount | B14: 2023 | C14: 1402 | D14: 4 | E14: HX5 | F14: 45 day | G14: 45405 | H14: 45449 | I14: 45449 | J14: 45491 | K14: 45491 | L14: 45532 | M14: 45532 | N14: 45587 | Q14: 45405 | R14: 45491 | S14: 45405 | T14: 45587 | U14: 45405 | W14: 45405 | X14: 45449 | Y14: 45491 | Z14: 45532 | AA14: 45587
A15: Rosemount | B15: 2023 | C15: 1405 | D15: 4 | E15: HX3 | F15: 45 day | G15: 45405 | H15: 45449 | I15: 45449 | J15: 45491 | K15: 45491 | L15: 45532 | M15: 45532 | N15: 45587 | Q15: 45405 | R15: 45491 | S15: 45405 | T15: 45587 | U15: 45405 | W15: 45405 | X15: 45449 | Y15: 45491 | Z15: 45532 | AA15: 45587
A16: Rosemount | B16: 2023 | C16: 1410 | D16: 4 | E16: HX3 | F16: 35 day | G16: 45405 | H16: 45449 | I16: 45449 | J16: 45482 | K16: 45482 | L16: 45517 | M16: 45517 | N16: 45553 | O16: 45553 | P16: 45587 | Q16: 45405 | R16: 45482 | S16: 45405 | T16: 45553 | U16: 45405 | V16: 45587 | W16: 45405 | X16: 45449 | Y16: 45482 | Z16: 45517 | AA16: 45553 | AB16: 45587
A17: Rosemount | B17: 2023 | C17: 1412 | D17: 4 | E17: HX5 | F17: 35 day | G17: 45405 | H17: 45449 | I17: 45449 | J17: 45482 | K17: 45482 | L17: 45517 | M17: 45517 | N17: 45553 | O17: 45553 | P17: 45587 | Q17: 45405 | R17: 45482 | S17: 45405 | T17: 45553 | U17: 45405 | V17: 45587 | W17: 45405 | X17: 45449 | Y17: 45482 | Z17: 45517 | AA17: 45553 | AB17: 45587
A18: St. Paul | B18: 2023 | C18: 2101 | D18: 1 | E18: HX3 | F18: 45 day | G18: 45404 | H18: 45442 | I18: 45442 | J18: 45492 | K18: 45492 | L18: 45531 | M18: 45531 | N18: 45586 | Q18: 45404 | R18: 45492 | S18: 45404 | T18: 45586 | U18: 45404 | W18: 45404 | X18: 45442 | Y18: 45492 | Z18: 45531 | AA18: 45586
A19: St. Paul | B19: 2023 | C19: 2104 | D19: 1 | E19: HX5 | F19: 45 day | G19: 45404 | H19: 45442 | I19: 45442 | J19: 45492 | K19: 45492 | L19: 45531 | M19: 45531 | N19: 45586 | Q19: 45404 | R19: 45492 | S19: 45404 | T19: 45586 | U19: 45404 | W19: 45404 | X19: 45442 | Y19: 45492 | Z19: 45531 | AA19: 45586
A20: St. Paul | B20: 2023 | C20: 2108 | D20: 1 | E20: HX3 | F20: 35 day | G20: 45404 | H20: 45442 | I20: 45442 | J20: 45482 | K20: 45482 | L20: 45517 | M20: 45517 | N20: 45551 | O20: 45551 | P20: 45586 | Q20: 45404 | R20: 45482 | S20: 45404 | T20: 45551 | U20: 45404 | V20: 45586 | W20: 45404 | X20: 45442 | Y20: 45482 | Z20: 45517 | AA20: 45551 | AB20: 45586
A21: St. Paul | B21: 2023 | C21: 2110 | D21: 1 | E21: HX5 | F21: 35 day | G21: 45404 | H21: 45442 | I21: 45442 | J21: 45482 | K21: 45482 | L21: 45517 | M21: 45517 | N21: 45551 | O21: 45551 | P21: 45586 | Q21: 45404 | R21: 45482 | S21: 45404 | T21: 45551 | U21: 45404 | V21: 45586 | W21: 45404 | X21: 45442 | Y21: 45482 | Z21: 45517 | AA21: 45551 | AB21: 45586
A22: St. Paul | B22: 2023 | C22: 2204 | D22: 2 | E22: HX5 | F22: 45 day | G22: 45404 | H22: 45442 | I22: 45442 | J22: 45492 | K22: 45492 | L22: 45531 | M22: 45531 | N22: 45586 | Q22: 45404 | R22: 45492 | S22: 45404 | T22: 45586 | U22: 45404 | W22: 45404 | X22: 45442 | Y22: 45492 | Z22: 45531 | AA22: 45586
A23: St. Paul | B23: 2023 | C23: 2205 | D23: 2 | E23: HX3 | F23: 45 day | G23: 45404 | H23: 45442 | I23: 45442 | J23: 45492 | K23: 45492 | L23: 45531 | M23: 45531 | N23: 45586 | Q23: 45404 | R23: 45492 | S23: 45404 | T23: 45586 | U23: 45404 | W23: 45404 | X23: 45442 | Y23: 45492 | Z23: 45531 | AA23: 45586
A24: St. Paul | B24: 2023 | C24: 2208 | D24: 2 | E24: HX5 | F24: 35 day | G24: 45404 | H24: 45442 | I24: 45442 | J24: 45482 | K24: 45482 | L24: 45517 | M24: 45517 | N24: 45551 | O24: 45551 | P24: 45586 | Q24: 45404 | R24: 45482 | S24: 45404 | T24: 45551 | U24: 45404 | V24: 45586 | W24: 45404 | X24: 45442 | Y24: 45482 | Z24: 45517 | AA24: 45551 | AB24: 45586
A25: St. Paul | B25: 2023 | C25: 2212 | D25: 2 | E25: HX3 | F25: 35 day | G25: 45404 | H25: 45442 | I25: 45442 | J25: 45482 | K25: 45482 | L25: 45517 | M25: 45517 | N25: 45551 | O25: 45551 | P25: 45586 | Q25: 45404 | R25: 45482 | S25: 45404 | T25: 45551 | U25: 45404 | V25: 45586 | W25: 45404 | X25: 45442 | Y25: 45482 | Z25: 45517 | AA25: 45551 | AB25: 45586
A26: St. Paul | B26: 2023 | C26: 2302 | D26: 3 | E26: HX5 | F26: 35 day | G26: 45404 | H26: 45442 | I26: 45442 | J26: 45482 | K26: 45482 | L26: 45517 | M26: 45517 | N26: 45551 | O26: 45551 | P26: 45586 | Q26: 45404 | R26: 45482 | S26: 45404 | T26: 45551 | U26: 45404 | V26: 45586 | W26: 45404 | X26: 45442 | Y26: 45482 | Z26: 45517 | AA26: 45551 | AB26: 45586
A27: St. Paul | B27: 2023 | C27: 2303 | D27: 3 | E27: HX3 | F27: 35 day | G27: 45404 | H27: 45442 | I27: 45442 | J27: 45482 | K27: 45482 | L27: 45517 | M27: 45517 | N27: 45551 | O27: 45551 | P27: 45586 | Q27: 45404 | R27: 45482 | S27: 45404 | T27: 45551 | U27: 45404 | V27: 45586 | W27: 45404 | X27: 45442 | Y27: 45482 | Z27: 45517 | AA27: 45551 | AB27: 45586
A28: St. Paul | B28: 2023 | C28: 2309 | D28: 3 | E28: HX3 | F28: 45 day | G28: 45404 | H28: 45442 | I28: 45442 | J28: 45492 | K28: 45492 | L28: 45531 | M28: 45531 | N28: 45586 | Q28: 45404 | R28: 45492 | S28: 45404 | T28: 45586 | U28: 45404 | W28: 45404 | X28: 45442 | Y28: 45492 | Z28: 45531 | AA28: 45586
A29: St. Paul | B29: 2023 | C29: 2312 | D29: 3 | E29: HX5 | F29: 45 day | G29: 45404 | H29: 45442 | I29: 45442 | J29: 45492 | K29: 45492 | L29: 45531 | M29: 45531 | N29: 45586 | Q29: 45404 | R29: 45492 | S29: 45404 | T29: 45586 | U29: 45404 | W29: 45404 | X29: 45442 | Y29: 45492 | Z29: 45531 | AA29: 45586
A30: St. Paul | B30: 2023 | C30: 2404 | D30: 4 | E30: HX5 | F30: 45 day | G30: 45404 | H30: 45442 | I30: 45442 | J30: 45492 | K30: 45492 | L30: 45531 | M30: 45531 | N30: 45586 | Q30: 45404 | R30: 45492 | S30: 45404 | T30: 45586 | U30: 45404 | W30: 45404 | X30: 45442 | Y30: 45492 | Z30: 45531 | AA30: 45586
A31: St. Paul | B31: 2023 | C31: 2406 | D31: 4 | E31: HX3 | F31: 45 day | G31: 45404 | H31: 45442 | I31: 45442 | J31: 45492 | K31: 45492 | L31: 45531 | M31: 45531 | N31: 45586 | Q31: 45404 | R31: 45492 | S31: 45404 | T31: 45586 | U31: 45404 | W31: 45404 | X31: 45442 | Y31: 45492 | Z31: 45531 | AA31: 45586
A32: St. Paul | B32: 2023 | C32: 2407 | D32: 4 | E32: HX3 | F32: 35 day | G32: 45404 | H32: 45442 | I32: 45442 | J32: 45482 | K32: 45482 | L32: 45517 | M32: 45517 | N32: 45551 | O32: 45551 | P32: 45586 | Q32: 45404 | R32: 45482 | S32: 45404 | T32: 45551 | U32: 45404 | V32: 45586 | W32: 45404 | X32: 45442 | Y32: 45482 | Z32: 45517 | AA32: 45551 | AB32: 45586
A33: St. Paul | B33: 2023 | C33: 2412 | D33: 4 | E33: HX5 | F33: 35 day | G33: 45404 | H33: 45442 | I33: 45442 | J33: 45482 | K33: 45482 | L33: 45517 | M33: 45517 | N33: 45551 | O33: 45551 | P33: 45586 | Q33: 45404 | R33: 45482 | S33: 45404 | T33: 45551 | U33: 45404 | V33: 45586 | W33: 45404 | X33: 45442 | Y33: 45482 | Z33: 45517 | AA33: 45551 | AB33: 45586

Sheet Metadata
A1: location
A2: year
A3: date
A4: plot
A5: rep
A6: var
A7: harv_trt
A8: harv
A9: bottle | B9: 2023 bottle codes need to be double checked. Tried to pull the bottle codes from https://docs.google.com/spreadsheets/d/1VY6EwF6AqK_G9cSJysfAWyfH9BS61m88rZPFHjsGmWs/edit?gid=1187811712#gid=1187811712 but there is no date for each cut. Had to decipher "harvest code" system and the number under the "site" column in 2023 rows. 2022 sample codes are good, they were found here: https://docs.google.com/spreadsheets/d/1FrX5QJb17ICx1kfdewPWH7RTsHay7dXNlW-sE-zz_rA/edit?gid=0#gid=0 2024 codes are also a mess.
A10: dm_yld | B10: alfalfa dry matter yield in kg per ha. Value derived from the RCI scale wet weight multiplied by (1-moisture content)
A11: CP | B11: All these data come from: https://docs.google.com/spreadsheets/d/1h2TUYU1jWPclXXIm18jf-a-c_Pe1dSb84D4CffzdBeI/edit?gid=581078952#gid=581078952 I moved all the data to "ForageQuality" tab here and created a pivot table to average the values over multiple scans.
A12: ADF
A13: NDF
A14: NDFD
A15: RFV | B15: The equation for Relative Feed Value (RFV) is: RFV = (DDM * DMI) / 1.29. Where: DDM: is Digestible Dry Matter, calculated as 88.9 - (0.779 * %ADF), where ADF is Acid Detergent Fiber. DMI: is Dry Matter Intake, calculated as 120 / %NDF, where NDF is Neutral Detergent Fiber. 1.29: is a constant that makes the RFV of full-bloom alfalfa equal to 100.
A16: RFQ
A17: total_C
A18: total_N
A19: min_C
A22: For RIC
B23: Used "Total RIC" or "Total SS" data, not the fine, OM, or coarse data
A26: For persistence
A27: column | B27: description
A28: score | B28: witner survival score where 1=no damage, 5=dead plant
A29: cover | B29: percent alfalfa coverage over whole plot, visual assessment
A30: stems | B30: stem density. Number of stems per square foot
A31: notes | B31: averaged 3-4 plants per sq ft. Measurement taken on sq ft basis. We could find a handful of dead alfalfa plants in most plots. Stem density measurements varied dramatically. About 1 healthy plant had around 20 stems. We want around 55+ stems per sq ft for a healthy stand. Score is probably best metric

Sheet Persistence
A1: year | B1: date | C1: site | D1: plot | E1: variety | F1: var | G1: fd | H1: schedule | I1: score | J1: cover | K1: stems
A2: 2025 | B2: 45770 | C2: Rosemount | D2: 1101 | E2: HX4 | F2: HX | G2: 4 | H2: 45 day | I2: 2 | J2: 40
A3: 2025 | B3: 45770 | C3: Rosemount | D3: 1102 | E3: RR3 | F3: RR | G3: 3 | H3: 45 day | I3: 3 | J3: 50
A4: 2025 | B4: 45770 | C4: Rosemount | D4: 1103 | E4: HX5 | F4: HX | G4: 5 | H4: 45 day | I4: 2 | J4: 45
A5: 2025 | B5: 45770 | C5: Rosemount | D5: 1104 | E5: RR4 | F5: RR | G5: 4 | H5: 45 day | I5: 2 | J5: 60
A6: 2025 | B6: 45770 | C6: Rosemount | D6: 1105 | E6: RR5 | F6: RR | G6: 5 | H6: 45 day | I6: 2 | J6: 55
A7: 2025 | B7: 45770 | C7: Rosemount | D7: 1106 | E7: HX3 | F7: HX | G7: 3 | H7: 45 day | I7: 1 | J7: 35
A8: 2025 | B8: 45770 | C8: Rosemount | D8: 1107 | E8: RR4 | F8: RR | G8: 4 | H8: 35 day | I8: 1 | J8: 60
A9: 2025 | B9: 45770 | C9: Rosemount | D9: 1108 | E9: HX5 | F9: HX | G9: 5 | H9: 35 day | I9: 1 | J9: 50
A10: 2025 | B10: 45770 | C10: Rosemount | D10: 1109 | E10: HX4 | F10: HX | G10: 4 | H10: 35 day | I10: 2 | J10: 70
A11: 2025 | B11: 45770 | C11: Rosemount | D11: 1110 | E11: RR3 | F11: RR | G11: 3 | H11: 35 day | I11: 2 | J11: 60
A12: 2025 | B12: 45770 | C12: Rosemount | D12: 1111 | E12: RR5 | F12: RR | G12: 5 | H12: 35 day | I12: 1 | J12: 65
A13: 2025 | B13: 45770 | C13: Rosemount | D13: 1112 | E13: HX3 | F13: HX | G13: 3 | H13: 35 day | I13: 1 | J13: 70
... A49: 2025 | B49: 45770 | C49: Rosemount | D49: 1412 | E49: HX5 | F49: HX | G49: 5 | H49: 35 day | I49: 1 | J49: 65
A50: 2025 | B50: 45769 | C50: St. Paul | D50: 2101 | E50: HX3 | F50: HX | G50: 3 | H50: 45 day | I50: 1 | J50: 60 | K50: 19
A51: 2025 | B51: 45769 | C51: St. Paul | D51: 2102 | E51: RR5 | F51: RR | G51: 5 | H51: 45 day | I51: 2 | J51: 50 | K51: 29
A52: 2025 | B52: 45769 | C52: St. Paul | D52: 2103 | E52: RR3 | F52: RR | G52: 3 | H52: 45 day | I52: 1 | J52: 65 | K52: 19
A53: 2025 | B53: 45769 | C53: St. Paul | D53: 2104 | E53: HX5 | F53: HX | G53: 5 | H53: 45 day | I53: 2 | J53: 50 | K53: 22
A54: 2025 | B54: 45769 | C54: St. Paul | D54: 2105 | E54: HX4 | F54: HX | G54: 4 | H54: 45 day | I54: 1 | J54: 70 | K54: 29
A55: 2025 | B55: 45769 | C55: St. Paul | D55: 2106 | E55: RR4 | F55: RR | G55: 4 | H55: 45 day | I55: 1 | J55: 60 | K55: 16
A56: 2025 | B56: 45769 | C56: St. Paul | D56: 2107 | E56: RR3 | F56: RR | G56: 3 | H56: 35 day | I56: 1 | J56: 75 | K56: 27
A57: 2025 | B57: 45769 | C57: St. Paul | D57: 2108 | E57: HX3 | F57: HX | G57: 3 | H57: 35 day | I57: 1 | J57: 65 | K57: 35
A58: 2025 | B58: 45769 | C58: St. Paul | D58: 2109 | E58: HX4 | F58: HX | G58: 4 | H58: 35 day | I58: 2 | J58: 60 | K58: 31
A59: 2025 | B59: 45769 | C59: St. Paul | D59: 2110 | E59: HX5 | F59: HX | G59: 5 | H59: 35 day | I59: 3 | J59: 50 | K59: 19
A60: 2025 | B60: 45769 | C60: St. Paul | D60: 2111 | E60: RR4 | F60: RR | G60: 4 | H60: 35 day | I60: 2 | J60: 60 | K60: 19
A61: 2025 | B61: 45769 | C61: St. Paul | D61: 2112 | E61: RR5 | F61: RR | G61: 5 | H61: 35 day | I61: 2 | J61: 60 | K61: 17
... A97: 2025 | B97: 45769 | C97: St. Paul | D97: 2412 | E97: HX5 | F97: HX | G97: 5 | H97: 35 day | I97: 1 | J97: 70 | K97: 34

Sheet yld_soil_2_withequations
A1: location | B1: year | C1: date | D1: plot | E1: rep | F1: var | G1: harv_trt | H1: harv | I1: bottle | J1: dm_yld | K1: CP | L1: ADF | M1: NDF | N1: NDFD | O1: RFV | P1: RFQ | Q1: total_C | R1: total_N | S1: min_C | T1: plotID | AF1: cp | AG1: adf | AH1: ndf | AI1: ndfd
A2: Rosemount | B2: 2021 | C2: 44393 | D2: 1101 | E2: 1 | F2: HX4 | G2: 45 day | H2: 1 | I2: 210228 | J2: 2.587885 | K2: 18.001832 | L2: 19.662984 | M2: 29.88268 | N2: 9.957884 | O2: 229.05867 | P2: 139.59353 | Q2: 2.52 | R2: 0.179 | T2: 1101 | U2: =T2=D2 -> TRUE | AF2: =VLOOKUP($I2,ForageQuality!$G$3:$K$1436,2,FALSE) -> 18.001832 | AG2: =VLOOKUP($I2,ForageQuality!$G$3:$K$1436,3,FALSE) -> 19.662984 | AH2: =VLOOKUP($I2,ForageQuality!$G$3:$K$1436,4,FALSE) -> 29.88268 | AI2: =VLOOKUP($I2,ForageQuality!$G$3:$K$1436,5,FALSE) -> 9.957884
A3: Rosemount | B3: 2021 | C3: 44393 | D3: 1102 | E3: 1 | F3: RR3 | G3: 45 day | H3: 1 | I3: 210229 | J3: 2.9958128 | K3: 20.786409 | L3: 18.025785 | M3: 25.363233 | N3: 10.107153 | O3: 274.55202 | P3: 185.18484 | Q3: 2.483 | R3: 0.166 | T3: 1102 | U3: =T3=D3 -> TRUE | AF3: =VLOOKUP($I3,ForageQuality!$G$3:$K$1436,2,FALSE) -> 20.786409 | AG3: =VLOOKUP($I3,ForageQuality!$G$3:$K$1436,3,FALSE) -> 18.025785 | AH3: =VLOOKUP($I3,ForageQuality!$G$3:$K$1436,4,FALSE) -> 25.363233 | AI3: =VLOOKUP($I3,ForageQuality!$G$3:$K$1436,5,FALSE) -> 10.107153
A4: Rosemount | B4: 2021 | C4: 44393 | D4: 1103 | E4: 1 | F4: HX5 | G4: 45 day | H4: 1 | I4: 210230 | J4: 3.2859459 | K4: 19.949328 | L4: 21.310128 | M4: 28.676592 | N4: 12.800592 | O4: 234.53019 | P4: 156.51342 | Q4: 2.641 | R4: 0.2 | T4: 1103 | U4: =T4=D4 -> TRUE | AF4: =VLOOKUP($I4,ForageQuality!$G$3:$K$1436,2,FALSE) -> 19.949328 | AG4: =VLOOKUP($I4,ForageQuality!$G$3:$K$1436,3,FALSE) -> 21.310128 | AH4: =VLOOKUP($I4,ForageQuality!$G$3:$K$1436,4,FALSE) -> 28.676592 | AI4: =VLOOKUP($I4,ForageQuality!$G$3:$K$1436,5,FALSE) -> 12.800592
A5: Rosemount | B5: 2021 | C5: 44393 | D5: 1104 | E5: 1 | F5: RR4 | G5: 45 day | H5: 1 | I5: 210231 | J5: 3.794069 | K5: 18.607186 | L5: 22.873975 | M5: 32.105096 | N5: 13.878388 | O5: 205.95491 | P5: 130.95084 | Q5: 2.752 | R5: 0.2 | T5: 1104 | U5: =T5=D5 -> TRUE | AF5: =VLOOKUP($I5,ForageQuality!$G$3:$K$1436,2,FALSE) -> 18.607186 | AG5: =VLOOKUP($I5,ForageQuality!$G$3:$K$1436,3,FALSE) -> 22.873975 | AH5: =VLOOKUP($I5,ForageQuality!$G$3:$K$1436,4,FALSE) -> 32.105096 | AI5: =VLOOKUP($I5,ForageQuality!$G$3:$K$1436,5,FALSE) -> 13.878388
A6: Rosemount | B6: 2021 | C6: 44393 | D6: 1105 | E6: 1 | F6: RR5 | G6: 45 day | H6: 1 | I6: 210232 | J6: 3.5837036 | K6: 18.721936 | L6: 23.921462 | M6: 33.755942 | N6: 16.745934 | O6: 193.63394 | P6: 126.38745 | Q6: 2.478 | R6: 0.186 | T6: 1105 | U6: =T6=D6 -> TRUE | AF6: =VLOOKUP($I6,ForageQuality!$G$3:$K$1436,2,FALSE) -> 18.721936 | AG6: =VLOOKUP($I6,ForageQuality!$G$3:$K$1436,3,FALSE) -> 23.921462 | AH6: =VLOOKUP($I6,ForageQuality!$G$3:$K$1436,4,FALSE) -> 33.755942 | AI6: =VLOOKUP($I6,ForageQuality!$G$3:$K$1436,5,FALSE) -> 16.745934
A7: Rosemount | B7: 2021 | C7: 44393 | D7: 1106 | E7: 1 | F7: HX3 | G7: 45 day | H7: 1 | I7: 210233 | J7: 2.8371247 | K7: 19.69452 | L7: 18.14184 | M7: 27.79388 | N7: 8.68956 | O7: 250.23915 | P7: 156.68451 | Q7: 2.74 | R7: 0.196 | T7: 1106 | U7: =T7=D7 -> TRUE | AF7: =VLOOKUP($I7,ForageQuality!$G$3:$K$1436,2,FALSE) -> 19.69452 | AG7: =VLOOKUP($I7,ForageQuality!$G$3:$K$1436,3,FALSE) -> 18.14184 | AH7: =VLOOKUP($I7,ForageQuality!$G$3:$K$1436,4,FALSE) -> 27.79388 | AI7: =VLOOKUP($I7,ForageQuality!$G$3:$K$1436,5,FALSE) -> 8.68956
A8: Rosemount | B8: 2021 | C8: 44393 | D8: 1107 | E8: 1 | F8: RR4 | G8: 35 day | H8: 1 | I8: 210234 | J8: 3.2103937 | K8: 18.848346 | L8: 19.9166 | M8: 28.797593 | N8: 11.868483 | O8: 237.05136 | P8: 153.19097 | Q8: 2.619 | R8: 0.177 | T8: 1107 | U8: =T8=D8 -> TRUE | AF8: =VLOOKUP($I8,ForageQuality!$G$3:$K$1436,2,FALSE) -> 18.848346 | AG8: =VLOOKUP($I8,ForageQuality!$G$3:$K$1436,3,FALSE) -> 19.9166 | AH8: =VLOOKUP($I8,ForageQuality!$G$3:$K$1436,4,FALSE) -> 28.797593 | AI8: =VLOOKUP($I8,ForageQuality!$G$3:$K$1436,5,FALSE) -> 11.868483
A9: Rosemount | B9: 2021 | C9: 44393 | D9: 1108 | E9: 1 | F9: HX5 | G9: 35 day | H9: 1 | I9: 210235 | J9: 3.037029 | K9: 20.989824 | L9: 19.338432 | M9: 29.571648 | N9: 6.379968 | O9: 232.2632 | P9: 134.75578 | Q9: 2.785 | R9: 0.187 | T9: 1108 | U9: =T9=D9 -> TRUE | AF9: =VLOOKUP($I9,ForageQuality!$G$3:$K$1436,2,FALSE) -> 20.989824 | AG9: =VLOOKUP($I9,ForageQuality!$G$3:$K$1436,3,FALSE) -> 19.338432 | AH9: =VLOOKUP($I9,ForageQuality!$G$3:$K$1436,4,FALSE) -> 29.571648 | AI9: =VLOOKUP($I9,ForageQuality!$G$3:$K$1436,5,FALSE) -> 6.379968
A10: Rosemount | B10: 2021 | C10: 44393 | D10: 1109 | E10: 1 | F10: HX4 | G10: 35 day | H10: 1 | I10: 210236 | J10: 2.9981221 | K10: 18.115696 | L10: 23.534068 | M10: 34.343584 | N10: 14.258396 | O10: 191.13813 | P10: 117.24504 | Q10: 2.538 | R10: 0.153 | T10: 1109 | U10: =T10=D10 -> TRUE | AF10: =VLOOKUP($I10,ForageQuality!$G$3:$K$1436,2,FALSE) -> 17.229374 | AG10: =VLOOKUP($I10,ForageQuality!$G$3:$K$1436,3,FALSE) -> 25.189645 | AH10: =VLOOKUP($I10,ForageQuality!$G$3:$K$1436,4,FALSE) -> 34.285209 | AI10: =VLOOKUP($I10,ForageQuality!$G$3:$K$1436,5,FALSE) -> 18.759407
A11: Rosemount | B11: 2021 | C11: 44393 | D11: 1110 | E11: 1 | F11: RR3 | G11: 35 day | H11: 1 | I11: 210237 | J11: 2.6731348 | K11: 18.89118 | L11: 22.41932 | M11: 31.717532 | N11: 15.72032 | O11: 209.51027 | P11: 134.35829 | Q11: 2.777 | R11: 0.196 | T11: 1110 | U11: =T11=D11 -> TRUE | AF11: =VLOOKUP($I11,ForageQuality!$G$3:$K$1436,2,FALSE) -> 18.89118 | AG11: =VLOOKUP($I11,ForageQuality!$G$3:$K$1436,3,FALSE) -> 22.41932 | AH11: =VLOOKUP($I11,ForageQuality!$G$3:$K$1436,4,FALSE) -> 31.717532 | AI11: =VLOOKUP($I11,ForageQuality!$G$3:$K$1436,5,FALSE) -> 15.72032
A12: Rosemount | B12: 2021 | C12: 44393 | D12: 1111 | E12: 1 | F12: RR5 | G12: 35 day | H12: 1 | I12: 210238 | J12: 3.1959042 | K12: 19.543084 | L12: 23.101298 | M12: 32.565786 | N12: 15.858436 | O12: 202.53554 | P12: 130.8493 | Q12: 2.731 | R12: 0.193 | T12: 1111 | U12: =T12=D12 -> TRUE | AF12: =VLOOKUP($I12,ForageQuality!$G$3:$K$1436,2,FALSE) -> 18.698151 | AG12: =VLOOKUP($I12,ForageQuality!$G$3:$K$1436,3,FALSE) -> 24.011436 | AH12: =VLOOKUP($I12,ForageQuality!$G$3:$K$1436,4,FALSE) -> 32.031377 | AI12: =VLOOKUP($I12,ForageQuality!$G$3:$K$1436,5,FALSE) -> 18.781159
A13: Rosemount | B13: 2021 | C13: 44393 | D13: 1112 | E13: 1 | F13: HX3 | G13: 35 day | H13: 1 | I13: 210239 | J13: 3.0087891 | K13: 18.53815 | L13: 19.153074 | M13: 28.367891 | N13: 7.849324 | O13: 242.5925 | P13: 148.83888 | Q13: 2.839 | R13: 0.172 | T13: 1112 | U13: =T13=D13 -> TRUE | AF13: =VLOOKUP($I13,ForageQuality!$G$3:$K$1436,2,FALSE) -> 18.53815 | AG13: =VLOOKUP($I13,ForageQuality!$G$3:$K$1436,3,FALSE) -> 19.153074 | AH13: =VLOOKUP($I13,ForageQuality!$G$3:$K$1436,4,FALSE) -> 28.367891 | AI13: =VLOOKUP($I13,ForageQuality!$G$3:$K$1436,5,FALSE) -> 7.849324
... A49: Rosemount | B49: 2021 | C49: 44393 | D49: 1412 | E49: 4 | F49: HX5 | G49: 35 day | H49: 1 | I49: 210275 | J49: 1.9423704 | K49: 18.608436 | L49: 17.442018 | M49: 27.062706 | N49: 9.801528 | O49: 258.87395 | P49: 165.26158 | Q49: 2.072 | R49: 0.14 | T49: 1412 | U49: =T49=D49 -> TRUE | AF49: =VLOOKUP($I49,ForageQuality!$G$3:$K$1436,2,FALSE) -> 17.558302 | AG49: =VLOOKUP($I49,ForageQuality!$G$3:$K$1436,3,FALSE) -> 19.929253 | AH49: =VLOOKUP($I49,ForageQuality!$G$3:$K$1436,4,FALSE) -> 27.337244 | AI49: =VLOOKUP($I49,ForageQuality!$G$3:$K$1436,5,FALSE) -> 15.342739
A50: Rosemount | B50: 2021 | C50: 44440 | D50: 1101 | E50: 1 | F50: HX4 | G50: 45 day | H50: 2 | I50: 210372 | J50: 2.1359646 | K50: 25.117248 | L50: 18.258864 | M50: 28.989792 | N50: 6.939816 | O50: 239.62355 | P50: 140.82276 | T50: 1101 | U50: =T50=D50 -> TRUE | AF50: =VLOOKUP($I50,ForageQuality!$G$3:$K$1436,2,FALSE) -> 25.117248 | AG50: =VLOOKUP($I50,ForageQuality!$G$3:$K$1436,3,FALSE) -> 18.258864 | AH50: =VLOOKUP($I50,ForageQuality!$G$3:$K$1436,4,FALSE) -> 28.989792 | AI50: =VLOOKUP($I50,ForageQuality!$G$3:$K$1436,5,FALSE) -> 6.939816
A51: Rosemount | B51: 2021 | C51: 44440 | D51: 1102 | E51: 1 | F51: RR3 | G51: 45 day | H51: 2 | I51: 210373 | J51: 2.3350925 | K51: 20.827719 | L51: 26.700093 | M51: 37.164261 | N51: 17.415888 | O51: 170.45791 | P51: 108.26711 | T51: 1102 | U51: =T51=D51 -> TRUE | AF51: =VLOOKUP($I51,ForageQuality!$G$3:$K$1436,2,FALSE) -> 20.827719 | AG51: =VLOOKUP($I51,ForageQuality!$G$3:$K$1436,3,FALSE) -> 26.700093 | AH51: =VLOOKUP($I51,ForageQuality!$G$3:$K$1436,4,FALSE) -> 37.164261 | AI51: =VLOOKUP($I51,ForageQuality!$G$3:$K$1436,5,FALSE) -> 17.415888
A52: Rosemount | B52: 2021 | C52: 44440 | D52: 1103 | E52: 1 | F52: HX5 | G52: 45 day | H52: 2 | I52: 210374 | J52: 2.3274526 | K52: 20.0837 | L52: 26.9451 | M52: 39.4394 | N52: 16.3072 | O52: 160.17454 | P52: 94.103121 | T52: 1103 | U52: =T52=D52 -> TRUE | AF52: =VLOOKUP($I52,ForageQuality!$G$3:$K$1436,2,FALSE) -> 20.0837 | AG52: =VLOOKUP($I52,ForageQuality!$G$3:$K$1436,3,FALSE) -> 26.9451 | AH52: =VLOOKUP($I52,ForageQuality!$G$3:$K$1436,4,FALSE) -> 39.4394 | AI52: =VLOOKUP($I52,ForageQuality!$G$3:$K$1436,5,FALSE) -> 16.3072
A53: Rosemount | B53: 2021 | C53: 44440 | D53: 1104 | E53: 1 | F53: RR4 | G53: 45 day | H53: 2 | I53: 210375 | J53: 2.6287594 | K53: 18.74725 | L53: 30.772925 | M53: 45.185445 | N53: 24.74637 | O53: 133.66702 | P53: 87.162295 | T53: 1104 | U53: =T53=D53 -> TRUE | AF53: =VLOOKUP($I53,ForageQuality!$G$3:$K$1436,2,FALSE) -> 18.74725 | AG53: =VLOOKUP($I53,ForageQuality!$G$3:$K$1436,3,FALSE) -> 30.772925 | AH53: =VLOOKUP($I53,ForageQuality!$G$3:$K$1436,4,FALSE) -> 45.185445 | AI53: =VLOOKUP($I53,ForageQuality!$G$3:$K$1436,5,FALSE) -> 24.74637
A54: Rosemount | B54: 2021 | C54: 44440 | D54: 1105 | E54: 1 | F54: RR5 | G54: 45 day | H54: 2 | I54: 210376 | J54: 2.5579338 | K54: 22.371609 | L54: 24.111321 | M54: 37.911224 | N54: 15.938299 | O54: 172.04767 | P54: 99.835291 | T54: 1105 | U54: =T54=D54 -> TRUE | AF54: =VLOOKUP($I54,ForageQuality!$G$3:$K$1436,2,FALSE) -> 22.371609 | AG54: =VLOOKUP($I54,ForageQuality!$G$3:$K$1436,3,FALSE) -> 24.111321 | AH54: =VLOOKUP($I54,ForageQuality!$G$3:$K$1436,4,FALSE) -> 37.911224 | AI54: =VLOOKUP($I54,ForageQuality!$G$3:$K$1436,5,FALSE) -> 15.938299
A55: Rosemount | B55: 2021 | C55: 44440 | D55: 1106 | E55: 1 | F55: HX3 | G55: 45 day | H55: 2 | I55: 210377 | J55: 1.8039228 | K55: 22.77885 | L55: 26.29025 | M55: 40.2001 | N55: 17.98235 | O55: 158.32402 | P55: 92.587446 | T55: 1106 | U55: =T55=D55 -> TRUE | AF55: =VLOOKUP($I55,ForageQuality!$G$3:$K$1436,2,FALSE) -> 22.77885 | AG55: =VLOOKUP($I55,ForageQuality!$G$3:$K$1436,3,FALSE) -> 26.29025 | AH55: =VLOOKUP($I55,ForageQuality!$G$3:$K$1436,4,FALSE) -> 40.2001 | AI55: =VLOOKUP($I55,ForageQuality!$G$3:$K$1436,5,FALSE) -> 17.98235
A56: Rosemount | B56: 2021 | C56: 44428 | D56: 1107 | E56: 1 | F56: RR4 | G56: 35 day | H56: 2 | I56: 210324 | J56: 2.719788 | K56: 26.297154 | L56: 22.507524 | M56: 31.545072 | N56: 17.633772 | O56: 210.45307 | P56: 154.55518 | T56: 1107 | U56: =T56=D56 -> TRUE | AF56: =VLOOKUP($I56,ForageQuality!$G$3:$K$1436,2,FALSE) -> 26.297154 | AG56: =VLOOKUP($I56,ForageQuality!$G$3:$K$1436,3,FALSE) -> 22.507524 | AH56: =VLOOKUP($I56,ForageQuality!$G$3:$K$1436,4,FALSE) -> 31.545072 | AI56: =VLOOKUP($I56,ForageQuality!$G$3:$K$1436,5,FALSE) -> 17.633772
A57: Rosemount | B57: 2021 | C57: 44428 | D57: 1108 | E57: 1 | F57: HX5 | G57: 35 day | H57: 2 | I57: 210325 | J57: 2.6989724 | K57: 27.721958 | L57: 21.459989 | M57: 27.750815 | N57: 10.176902 | O57: 241.96287 | P57: 173.4281 | T57: 1108 | U57: =T57=D57 -> TRUE | AF57: =VLOOKUP($I57,ForageQuality!$G$3:$K$1436,2,FALSE) -> 27.721958 | AG57: =VLOOKUP($I57,ForageQuality!$G$3:$K$1436,3,FALSE) -> 21.459989 | AH57: =VLOOKUP($I57,ForageQuality!$G$3:$K$1436,4,FALSE) -> 27.750815 | AI57: =VLOOKUP($I57,ForageQuality!$G$3:$K$1436,5,FALSE) -> 10.176902
A58: Rosemount | B58: 2021 | C58: 44428 | D58: 1109 | E58: 1 | F58: HX4 | G58: 35 day | H58: 2 | I58: 210326 | J58: 3.1053747 | K58: 30.822205 | L58: 17.793472 | M58: 24.782395 | N58: 8.858388 | O58: 281.66614 | P58: 203.43944 | T58: 1109 | U58: =T58=D58 -> TRUE | AF58: =VLOOKUP($I58,ForageQuality!$G$3:$K$1436,2,FALSE) -> 30.822205 | AG58: =VLOOKUP($I58,ForageQuality!$G$3:$K$1436,3,FALSE) -> 17.793472 | AH58: =VLOOKUP($I58,ForageQuality!$G$3:$K$1436,4,FALSE) -> 24.782395 | AI58: =VLOOKUP($I58,ForageQuality!$G$3:$K$1436,5,FALSE) -> 8.858388
A59: Rosemount | B59: 2021 | C59: 44428 | D59: 1110 | E59: 1 | F59: RR3 | G59: 35 day | H59: 2 | I59: 210327 | J59: 2.9799296 | K59: 28.911634 | L59: 21.185166 | M59: 28.526274 | N59: 10.713008 | O59: 236.08348 | P59: 167.05781 | T59: 1110 | U59: =T59=D59 -> TRUE | AF59: =VLOOKUP($I59,ForageQuality!$G$3:$K$1436,2,FALSE) -> 28.911634 | AG59: =VLOOKUP($I59,ForageQuality!$G$3:$K$1436,3,FALSE) -> 21.185166 | AH59: =VLOOKUP($I59,ForageQuality!$G$3:$K$1436,4,FALSE) -> 28.526274 | AI59: =VLOOKUP($I59,ForageQuality!$G$3:$K$1436,5,FALSE) -> 10.713008
A60: Rosemount | B60: 2021 | C60: 44428 | D60: 1111 | E60: 1 | F60: RR5 | G60: 35 day | H60: 2 | I60: 210328 | J60: 2.893687 | K60: 25.83678 | L60: 24.9099 | M60: 32.276665 | N60: 13.94182 | O60: 200.28924 | P60: 142.58758 | T60: 1111 | U60: =T60=D60 -> TRUE | AF60: =VLOOKUP($I60,ForageQuality!$G$3:$K$1436,2,FALSE) -> 25.83678 | AG60: =VLOOKUP($I60,ForageQuality!$G$3:$K$1436,3,FALSE) -> 24.9099 | AH60: =VLOOKUP($I60,ForageQuality!$G$3:$K$1436,4,FALSE) -> 32.276665 | AI60: =VLOOKUP($I60,ForageQuality!$G$3:$K$1436,5,FALSE) -> 13.94182
A61: Rosemount | B61: 2021 | C61: 44428 | D61: 1112 | E61: 1 | F61: HX3 | G61: 35 day | H61: 2 | I61: 210329 | J61: 2.152718 | K61: 32.298488 | L61: 17.02976 | M61: 24.4319 | N61: 9.859844 | O61: 287.97203 | P61: 212.8033 | T61: 1112 | U61: =T61=D61 -> TRUE | AF61: =VLOOKUP($I61,ForageQuality!$G$3:$K$1436,2,FALSE) -> 26.508901 | AG61: =VLOOKUP($I61,ForageQuality!$G$3:$K$1436,3,FALSE) -> 17.718733 | AH61: =VLOOKUP($I61,ForageQuality!$G$3:$K$1436,4,FALSE) -> 24.975181 | AI61: =VLOOKUP($I61,ForageQuality!$G$3:$K$1436,5,FALSE) -> 12.377232
... A121: Rosemount | B121: 2021 | C121: 44487 | D121: 1412 | E121: 4 | F121: HX5 | G121: 35 day | H121: 3 | I121: 210443 | J121: 1.0226685 | K121: 13.804652 | L121: 31.985944 | M121: 45.070274 | N121: 26.223368 | O121: 132.05827 | P121: 90.331916 | T121: 1412 | U121: =T121=D121 -> TRUE | AF121: =VLOOKUP($I121,ForageQuality!$G$3:$K$1436,2,FALSE) -> 13.804652 | AG121: =VLOOKUP($I121,ForageQuality!$G$3:$K$1436,3,FALSE) -> 31.985944 | AH121: =VLOOKUP($I121,ForageQuality!$G$3:$K$1436,4,FALSE) -> 45.070274 | AI121: =VLOOKUP($I121,ForageQuality!$G$3:$K$1436,5,FALSE) -> 26.223368
